Dipole,Dist-mm,Residual-Variance,
1,12.39329,0.006156,
2,14.44612,0.002743,
3,15.33901,0.004475,
4,17.64396,0.002177,
5,9.900396,0.00469,
6,9.645819,0.003,
7,12.01265,0.002643,
8,17.20135,0.003921,
9,12.94576,0.004229,
10,6.966084,0.004813,
11,10.44156,0.00173,
12,11.68406,0.003185,
13,9.540259,0.004282,
14,14.17727,0.004124,
15,1.841246,0.020122,
16,15.32416,0.012882,
17,11.19142,0.003003,
18,9.329468,0.003269,
19,14.14173,0.005134,
20,7.007305,0.003684,
21,6.613306,0.004024,
22,11.74634,0.006604,
23,14.78798,0.004254,
24,10.06722,0.001748,
25,8.582747,0.002755,
26,6.570353,0.001794,
27,14.28155,0.004567,
28,12.26696,0.001386,
29,8.23348,0.004962,
30,11.33562,0.00504,
31,4.438087,0.004721,
32,15.44323,0.003608,
33,15.96918,0.003873,
34,14.90207,0.003382,
35,10.92051,0.004883,
36,16.52047,0.006499,
37,15.4736,0.003209,
38,11.63348,0.001692,
39,10.52255,0.004736,
40,16.1811,0.003652,
41,1.564771,0.00428,
42,15.25874,0.003757,
43,13.2057,0.004836,
44,15.11693,0.002826,
45,12.53481,0.004955,
46,10.77015,0.006068,
47,13.16251,0.00568,
48,12.3197,0.016696,
49,10.08824,0.002791,
50,10.14844,0.003485,
51,9.926867,0.00314,
52,10.54781,0.003336,
53,9.424815,0.002883,
54,11.79458,0.002586,
55,11.47818,0.009743,
56,11.07674,0.003051,
57,7.849373,0.005429,
58,6.563705,0.005588,
59,12.08783,0.002342,
60,8.466515,0.00274,
61,15.69404,0.006763,
62,12.40238,0.00322,
63,7.568218,0.004062,
64,15.2795,0.003854,
65,14.59167,0.002176,
66,11.58474,0.001548,
67,7.430962,0.003033,
68,8.939384,0.010237,
69,5.407219,0.002633,
70,6.89534,0.003493,
71,8.422906,0.012085,
72,14.00179,0.004319,
73,1.97665,0.005462,
74,5.44361,0.002319,
75,9.80098,0.005168,
76,3.295421,0.002919,
77,14.26706,0.001628,
78,6.893072,0.004313,
79,3.000775,0.007544,
80,5.120999,0.003978,
81,11.12746,0.007273,
82,12.78151,0.003891,
83,6.984288,0.003578,
84,16.36787,0.003583,
85,13.60918,0.005138,
86,7.356353,0.005141,
87,8.295615,0.001751,
88,10.83068,0.004304,
89,4.6412,0.003753,
90,16.29138,0.004634,
91,5.691724,0.002732,
92,4.166559,0.004253,
93,13.55859,0.003528,
94,11.76326,0.007148,
95,9.431725,0.003562,
96,10.73135,0.002703,
97,13.10155,0.002971,
98,6.002138,0.003031,
99,6.906272,0.003856,
100,3.323145,0.004429,
101,9.130628,0.003249,
102,5.224039,0.005787,
103,7.312253,0.004357,
104,15.21802,0.007072,
105,9.77262,0.005455,
106,7.530801,0.001485,
107,99.72009,0.01345,
108,17.43701,0.004573,
109,9.90642,0.003104,
110,2.990944,0.033707,
111,10.82733,0.008093,
112,12.03578,0.004867,
113,14.51607,0.00277,
114,6.779906,0.002816,
115,8.613767,0.002058,
116,14.02132,0.004798,
117,1.476851,0.012273,
118,13.46139,0.005486,
119,9.128004,0.003279,
120,39.72683,0.006479,
121,14.1605,0.004229,
122,5.73059,0.005963,
123,9.49068,0.003895,
124,3.015993,0.005439,
125,1.464714,0.006728,
126,0.51655,0.013963,
127,6.829125,0.003111,
128,10.71943,0.003052,
129,12.91713,0.005122,
130,6.576992,0.005956,
131,7.427156,0.002945,
132,12.15054,0.005229,
133,1.356061,0.041513,
134,7.685449,0.00453,
135,18.69335,0.003932,
136,7.726586,0.003261,
137,3.648651,0.005084,
138,16.33593,0.003141,
139,9.454066,0.004327,
140,8.68693,0.00196,
141,12.83035,0.003514,
142,14.36874,0.003498,
143,11.14792,0.003294,
144,4.899936,0.00327,
145,14.88718,0.006244,
146,3.716813,0.002221,
147,7.622657,0.005661,
148,8.393839,0.00514,
149,2.615887,0.025855,
150,2.736187,0.01959,
151,10.35081,0.004358,
152,8.658775,0.002963,
153,2.397543,0.029614,
154,3.874836,0.003255,
155,6.418437,0.004624,
156,15.01854,0.004934,
157,4.514488,0.004116,
158,13.13419,0.002927,
159,7.813975,0.006121,
160,12.68707,0.001506,
161,10.02598,0.004007,
162,12.22883,0.00261,
163,3.804779,0.008706,
164,12.84383,0.004659,
165,11.71986,0.002635,
166,7.353645,0.002651,
167,21.82527,0.006093,
168,10.50437,0.005813,
169,14.2582,0.002787,
170,6.666021,0.005045,
171,12.4964,0.00629,
172,8.328496,0.003741,
173,26.21286,0.015907,
174,9.164465,0.002594,
175,14.36327,0.002147,
176,5.684966,0.004689,
177,15.22353,0.003822,
178,12.81736,0.004421,
179,11.56663,0.004234,
180,8.355845,0.004744,
181,14.05695,0.005772,
182,17.29288,0.003568,
183,10.69147,0.009842,
184,14.64824,0.009141,
185,16.9288,0.004885,
186,3.865096,0.002303,
187,9.087236,0.005359,
188,23.87372,0.010139,
189,5.635473,0.00554,
190,15.53974,0.001898,
191,11.83637,0.004365,
192,13.21785,0.008709,
193,17.04862,0.005497,
194,6.228776,0.00849,
195,0.415817,0.065508,
196,12.70445,0.002058,
197,16.58427,0.007757,
198,14.85778,0.005512,
199,4.317334,0.002589,
200,14.39611,0.003956,
201,11.62836,0.005889,
202,4.233671,0.005248,
203,12.40845,0.003684,
204,7.644179,0.004259,
205,13.46967,0.004014,
206,10.44896,0.003053,
207,10.17414,0.00485,
208,12.56039,0.004759,
209,13.9485,0.003242,
210,14.48362,0.00493,
211,10.3387,0.003926,
212,9.629623,0.00251,
213,6.745146,0.005751,
214,4.965626,0.010934,
215,9.953015,0.002259,
216,7.96823,0.002601,
217,10.64115,0.002054,
218,3.725631,0.003208,
219,10.78488,0.003835,
220,4.766691,0.003872,
221,11.11034,0.005156,
222,3.504448,0.005294,
223,9.555373,0.005381,
224,7.806074,0.004357,
225,5.310196,0.00488,
226,11.54253,0.001125,
227,15.22959,0.002578,
228,10.65205,0.005563,
229,13.84708,0.002748,
230,5.959073,0.002432,
231,8.607975,0.001139,
232,10.95063,0.004005,
233,6.598082,0.004305,
234,13.69177,0.006289,
235,7.110418,0.005694,
236,9.090375,0.009794,
237,3.935404,0.004188,
238,6.632262,0.002896,
239,12.0056,0.04143,
240,7.747415,0.002423,
241,5.596498,0.005765,
242,13.83821,0.004883,
243,12.27485,0.001797,
244,11.4656,0.004471,
245,3.572887,0.003184,
246,9.24818,0.003472,
247,7.331035,0.004179,
248,15.87117,0.003974,
249,10.98348,0.003129,
250,13.04751,0.003636,
251,15.50765,0.002998,
252,9.954005,0.001924,
253,1.078075,0.004464,
254,20.64612,0.003656,
255,13.89904,0.008516,
256,8.885098,0.00419,
257,5.639142,0.003602,
258,9.084599,0.003274,
259,15.82354,0.005575,
260,4.641976,0.004643,
261,15.75171,0.003921,
262,8.971336,0.003333,
263,8.479775,0.007828,
264,9.576084,0.004792,
265,12.65384,0.004937,
266,12.74954,0.00365,
267,7.108883,0.009723,
268,10.31575,0.002761,
269,19.49375,0.003077,
270,10.13005,0.012928,
271,5.148301,0.004543,
272,22.88972,0.007116,
273,4.059031,0.004975,
274,23.86857,0.007707,
275,9.496614,0.003624,
276,6.168877,0.003327,
277,5.149322,0.003622,
278,11.42254,0.003631,
279,14.10038,0.003349,
280,6.335933,0.003421,
281,9.665266,0.001496,
282,0.71974,0.014823,
283,10.90896,0.004339,
284,9.013024,0.005384,
285,9.775189,0.007438,
286,10.34967,0.004156,
287,7.037254,0.006827,
288,13.37373,0.001596,
289,15.8029,0.013519,
290,11.26303,0.00429,
291,8.649847,0.03431,
292,6.233038,0.002489,
293,11.12239,0.002974,
294,5.629822,0.007753,
295,7.424911,0.0034,
296,9.534872,0.004687,
297,7.643411,0.010575,
298,9.415533,0.005375,
299,13.05537,0.003867,
300,11.85484,0.003881,
301,12.45923,0.002941,
302,13.80063,0.004106,
303,14.43432,0.010266,
304,5.984157,0.004008,
305,13.28314,0.005128,
306,5.392254,0.004815,
307,7.232348,0.004555,
308,13.8594,0.006183,
309,2.165607,0.004829,
310,17.16171,0.003935,
311,7.98581,0.003378,
312,4.573203,0.004168,
313,6.23679,0.005202,
314,8.693125,0.00496,
315,6.111252,0.005422,
316,6.767724,0.004479,
317,12.5345,0.006569,
318,11.33478,0.005031,
319,6.98459,0.009044,
320,12.25061,0.005296,
321,10.65603,0.001106,
322,10.13348,0.004109,
323,11.71007,0.006818,
324,17.35416,0.002448,
325,8.855539,0.005319,
326,10.95408,0.002849,
327,17.05284,0.006989,
328,9.142274,0.004083,
329,5.619395,0.004881,
330,12.03464,0.003444,
331,10.0551,0.00233,
332,2.035415,0.024128,
333,11.04536,0.005928,
334,8.942037,0.004831,
335,14.32391,0.004013,
336,9.022891,0.00267,
337,11.89564,0.004483,
338,1.390625,0.031608,
339,14.05603,0.003643,
340,12.60154,0.004988,
341,12.18104,0.002572,
342,8.094214,0.007039,
343,7.03173,0.006153,
344,10.08678,0.005942,
345,2.16548,0.033717,
346,6.671346,0.006356,
347,10.61764,0.004355,
348,1.502634,0.018284,
349,14.37776,0.00228,
350,11.93547,0.001764,
351,7.95931,0.002223,
352,14.3532,0.004679,
353,9.002387,0.003036,
354,4.564145,0.003798,
355,12.11661,0.003718,
356,4.609677,0.002862,
357,0.749964,0.034734,
358,6.268232,0.004855,
359,1.549366,0.005794,
360,11.03104,0.001078,
361,11.68601,0.00654,
362,5.693669,0.003809,
363,70.24921,0.013239,
364,10.31691,0.002464,
365,3.714892,0.003569,
366,12.30405,0.005704,
367,12.53575,0.005174,
368,11.2367,0.005462,
369,10.24975,0.004804,
370,14.17664,0.004925,
371,14.22272,0.002697,
372,10.3894,0.003522,
373,14.21051,0.003911,
374,12.82285,0.002055,
375,15.16479,0.005755,
376,16.48928,0.005138,
377,10.55072,0.00265,
378,13.90642,0.003588,
379,10.41287,0.004135,
380,4.719489,0.001931,
381,11.61889,0.004633,
382,8.550929,0.001619,
383,15.39572,0.004257,
384,13.44594,0.003802,
385,2.204839,0.048364,
386,16.66108,0.004011,
387,9.137133,0.00244,
388,9.341745,0.004096,
389,6.681505,0.003582,
390,10.89276,0.003705,
391,11.1688,0.003192,
392,14.56565,0.003174,
393,8.253167,0.002805,
394,12.07421,0.008402,
395,12.62838,0.0039,
396,8.197159,0.00389,
397,4.668958,0.0027,
398,12.47229,0.002339,
399,7.989526,0.003811,
400,12.17483,0.006231,
401,13.09751,0.003923,
402,8.73574,0.003835,
403,12.4077,0.004353,
404,10.39207,0.003061,
405,3.26395,0.002353,
406,14.6024,0.00354,
407,4.537891,0.006006,
408,93.98776,0.007607,
409,8.71617,0.003951,
410,12.60828,0.003879,
411,2.759554,0.021566,
412,9.545062,0.003848,
413,6.300973,0.004666,
414,9.585101,0.004942,
415,6.999134,0.004035,
416,9.599582,0.003664,
417,13.63079,0.004743,
418,10.84862,0.00515,
419,5.893158,0.004829,
420,11.76017,0.008038,
421,13.5351,0.007906,
422,11.54734,0.012559,
423,8.500689,0.00408,
424,10.09993,0.004992,
425,7.209803,0.003855,
426,15.13894,0.00824,
427,15.50131,0.007129,
428,16.31967,0.003864,
429,5.971918,0.004562,
430,5.545608,0.003291,
431,13.35339,0.00381,
432,7.053292,0.002934,
433,5.990119,0.003747,
434,3.612294,0.005042,
435,9.90295,0.003863,
436,15.13151,0.004548,
437,13.7592,0.002986,
438,12.01688,0.004428,
439,14.51849,0.002989,
440,10.67603,0.003293,
441,13.01352,0.003236,
442,12.80471,0.002627,
443,15.24368,0.003662,
444,7.225777,0.003764,
445,15.39209,0.002617,
446,14.76378,0.002818,
447,8.854699,0.004657,
448,8.973325,0.002764,
449,6.873002,0.003777,
450,17.73372,0.002893,
451,14.49544,0.003211,
452,7.895575,0.004583,
453,10.50722,0.004037,
454,14.88431,0.003401,
455,11.51768,0.003975,
456,11.55691,0.004686,
457,12.86503,0.003415,
458,12.92274,0.003123,
459,7.672443,0.002456,
460,14.34095,0.003153,
461,4.597147,0.000958,
462,11.96303,0.004238,
463,9.907465,0.001777,
464,12.41635,0.004608,
465,10.8052,0.00313,
466,13.04359,0.004213,
467,7.88088,0.011392,
468,10.98975,0.003783,
469,9.041107,0.005487,
470,2.350047,0.008286,
471,2.538612,0.003425,
472,9.389423,0.000632,
473,15.60516,0.003252,
474,14.29543,0.0044,
475,15.40672,0.00213,
476,15.95257,0.001682,
477,13.80617,0.005862,
478,10.65581,0.011244,
479,5.375531,0.004939,
480,14.5007,0.003077,
481,1.562198,0.037667,
482,17.28751,0.003625,
483,14.04809,0.005744,
484,11.01885,0.005537,
485,12.61177,0.002483,
486,0.74034,0.00383,
487,7.301095,0.006087,
488,10.88748,0.002208,
489,13.8863,0.004928,
490,4.515733,0.002709,
491,8.677207,0.002047,
492,10.2581,0.003597,
493,9.319037,0.003936,
494,9.077691,0.006902,
495,12.40648,0.00399,
496,21.48824,0.007302,
497,13.70188,0.002295,
498,12.53087,0.003062,
499,9.55671,0.005272,
500,3.976461,0.004761,
501,5.45094,0.004263,
502,10.57305,0.004876,
503,9.263532,0.005078,
504,14.62873,0.00266,
505,17.71526,0.005719,
506,5.394261,0.003039,
507,13.6478,0.003191,
508,11.25725,0.003723,
509,14.29713,0.00501,
510,2.812984,0.005588,
511,9.690134,0.004002,
512,14.62008,0.003372,
513,9.983904,0.003922,
514,12.44287,0.014961,
515,8.752477,0.007217,
516,21.12579,0.006444,
517,9.596448,0.002913,
518,4.679715,0.003734,
519,4.914144,0.004789,
520,9.270036,0.005767,
521,7.050025,0.003256,
522,8.898799,0.00336,
523,15.30699,0.002393,
524,8.082372,0.004448,
525,13.90373,0.003928,
526,13.272,0.004179,
527,9.980955,0.004185,
528,5.933688,0.004991,
529,9.112274,0.001794,
530,15.78044,0.00212,
531,22.13775,0.006459,
532,1.999084,0.00174,
533,14.8537,0.003043,
534,4.536078,0.003995,
535,12.54771,0.00514,
536,17.20198,0.005631,
537,10.3754,0.004364,
538,9.697752,0.003804,
539,10.84214,0.002134,
540,5.495276,0.006056,
541,16.36047,0.003625,
542,12.28693,0.003151,
543,7.922605,0.004941,
544,18.86467,0.00781,
545,9.041625,0.00552,
546,6.633393,0.003118,
547,11.72584,0.001536,
548,11.12557,0.004095,
549,14.25605,0.003793,
550,7.454994,0.004103,
551,10.20798,0.003946,
552,21.06568,0.004489,
553,12.16402,0.004074,
554,1.302778,0.010048,
555,2.087705,0.012144,
556,3.95507,0.002989,
557,14.39372,0.006376,
558,7.640191,0.003457,
559,6.908093,0.007022,
560,4.815576,0.018183,
561,22.54649,0.008294,
562,15.14471,0.0034,
563,10.9866,0.004486,
564,9.040948,0.004486,
565,2.783495,0.012661,
566,15.63161,0.007434,
567,8.884226,0.003449,
568,11.28288,0.003722,
569,7.480828,0.00487,
570,7.505587,0.009117,
571,12.718,0.00741,
572,8.702241,0.004392,
573,6.479701,0.005424,
574,8.01855,0.005229,
575,10.03312,0.004877,
576,7.025238,0.004086,
577,11.89277,0.00223,
578,15.09798,0.021974,
579,11.85204,0.003633,
580,0.735135,0.00366,
581,5.384671,0.002193,
582,11.84119,0.003237,
583,10.95615,0.004508,
584,9.641956,0.001937,
585,12.43053,0.005747,
586,15.35475,0.002971,
587,5.819405,0.003063,
588,10.68285,0.003224,
589,3.875651,0.008265,
590,11.82462,0.001912,
591,9.834526,0.003109,
592,11.46916,0.003903,
593,10.60696,0.002386,
594,11.50844,0.003001,
595,13.65558,0.004516,
596,26.33926,0.017741,
597,6.436786,0.003281,
598,9.617592,0.005789,
599,12.27626,0.004199,
600,12.27076,0.003821,
601,10.53338,0.004398,
602,15.08052,0.00545,
603,7.78514,0.003108,
604,12.48442,0.004992,
605,5.861673,0.002968,
606,12.32958,0.00345,
607,15.23355,0.002361,
608,14.50926,0.004849,
609,5.528679,0.006628,
610,13.18332,0.001884,
611,12.13724,0.002942,
612,10.01033,0.003886,
613,4.878555,0.004862,
614,7.529447,0.003179,
615,10.84534,0.001841,
616,14.07919,0.004122,
617,4.477381,0.005593,
618,7.473207,0.003483,
619,16.53313,0.003776,
620,18.34325,0.003332,
621,7.427462,0.003462,
622,17.95412,0.004008,
623,12.97022,0.005627,
624,10.17953,0.005368,
625,17.89366,0.004261,
626,8.32785,0.002577,
627,8.12977,0.002622,
628,16.76484,0.003989,
629,10.56305,0.009443,
630,8.92719,0.003494,
631,6.011125,0.001297,
632,7.303454,0.005753,
633,12.42297,0.003605,
634,13.56066,0.00343,
635,11.57044,0.003525,
636,10.40898,0.003926,
637,7.030739,0.004142,
638,14.67718,0.006045,
639,14.70657,0.009564,
640,9.758558,0.003904,
641,3.727712,0.004528,
642,11.13175,0.001924,
643,20.49779,0.016233,
644,5.996685,0.003178,
645,11.46959,0.003137,
646,12.99588,0.003889,
647,11.32637,0.002754,
648,3.931034,0.004995,
649,9.883318,0.003441,
650,13.77524,0.005991,
651,8.597184,0.004623,
652,9.242689,0.003196,
653,0.962752,0.007435,
654,13.14059,0.004647,
655,10.97226,0.005396,
656,11.95173,0.003447,
657,4.985968,0.003086,
658,9.754437,0.003051,
659,9.031094,0.003158,
660,15.47099,0.004074,
661,14.25592,0.00141,
662,15.08043,0.009335,
663,10.15516,0.003463,
664,16.20471,0.005089,
665,8.002018,0.003264,
666,5.699191,0.004022,
667,9.616417,0.00139,
668,5.540806,0.003715,
669,15.85793,0.003787,
670,9.801852,0.004461,
671,12.71887,0.005292,
672,1.897067,0.017584,
673,4.82908,0.004596,
674,13.14341,0.002845,
675,3.128638,0.003509,
676,14.41659,0.008282,
677,6.203889,0.008716,
678,14.43984,0.00447,
679,12.08128,0.004161,
680,9.518633,0.004302,
681,10.19347,0.001219,
682,11.29113,0.005674,
683,8.181769,0.001847,
684,3.380811,0.006736,
685,10.98142,0.00394,
686,3.311761,0.026278,
687,11.68331,0.002657,
688,13.54364,0.005255,
689,9.187136,0.004106,
690,11.06059,0.006204,
691,15.23199,0.006535,
692,15.44193,0.007698,
693,13.67138,0.004218,
694,10.82252,0.010781,
695,14.45519,0.003013,
696,2.057944,0.004481,
697,13.53228,0.004299,
698,10.78508,0.002693,
699,8.072159,0.004584,
700,8.568463,0.003436,
701,7.898824,0.002586,
702,6.378872,0.003779,
703,7.707249,0.003873,
704,10.13845,0.007614,
705,3.561906,0.002844,
706,18.16989,0.003688,
707,8.708098,0.003008,
708,10.94279,0.001627,
709,11.82447,0.002725,
710,11.10676,0.006211,
711,7.055268,0.00194,
712,16.59985,0.00275,
713,13.913,0.007562,
714,6.824821,0.003681,
715,11.42639,0.004818,
716,14.4812,0.004288,
717,12.81217,0.006863,
718,16.33637,0.004464,
719,12.8169,0.003267,
720,5.325449,0.004093,
721,18.71188,0.003993,
722,7.120904,0.003384,
723,10.04238,0.001379,
724,15.48721,0.00387,
725,3.847049,0.009327,
726,16.29619,0.005338,
727,12.95036,0.002846,
728,12.27815,0.002182,
729,6.597545,0.004247,
730,19.24473,0.003453,
731,18.79732,0.004434,
732,8.02251,0.003608,
733,17.2267,0.002843,
734,8.041611,0.002111,
735,17.0782,0.005234,
736,9.707707,0.007626,
737,4.559245,0.002994,
738,15.35362,0.003298,
739,10.64015,0.005047,
740,16.06735,0.001988,
741,2.702632,0.047969,
742,11.02734,0.004834,
743,12.07084,0.006132,
744,9.909262,0.003199,
745,5.024751,0.002873,
746,11.83667,0.003568,
747,15.51524,0.005691,
748,6.367305,0.003754,
749,117.1921,0.008126,
750,4.766873,0.003985,
751,11.96249,0.004588,
752,18.36678,0.002447,
753,7.847827,0.002928,
754,15.71392,0.008041,
755,2.469607,0.004232,
756,9.544987,0.002935,
757,13.53621,0.00481,
758,6.810885,0.004884,
759,8.729484,0.003029,
760,12.40833,0.002237,
761,15.80359,0.003289,
762,15.79407,0.005163,
763,9.445296,0.003446,
764,1.897021,0.002699,
765,5.217441,0.005463,
766,8.626342,0.003461,
767,8.546858,0.003602,
768,13.64302,0.011593,
769,10.21746,0.002787,
770,12.57719,0.004042,
771,10.4862,0.004841,
772,8.806589,0.001867,
773,6.906167,0.003684,
774,11.15558,0.006673,
775,14.24531,0.005978,
776,14.58634,0.002266,
777,20.55967,0.004681,
778,11.78646,0.004102,
779,7.871853,0.003169,
780,9.313263,0.008096,
781,2.438066,0.017825,
782,10.34782,0.003729,
783,11.76454,0.002328,
784,13.88078,0.003453,
785,6.929061,0.004187,
786,14.24304,0.006971,
787,3.228287,0.001241,
788,8.4151,0.003439,
789,12.87845,0.004162,
790,9.247175,0.003893,
791,13.25797,0.004289,
792,6.171787,0.002317,
793,14.07271,0.003799,
794,12.82316,0.00236,
795,7.52016,0.003682,
796,11.90227,0.002458,
797,3.846065,0.003292,
798,6.185008,0.003275,
799,11.67595,0.002854,
800,14.0943,0.002483,
801,13.1515,0.006191,
802,25.30731,0.00834,
803,8.6269,0.003247,
804,16.68938,0.004105,
805,11.05711,0.006056,
806,1.485217,0.007962,
807,13.95977,0.001861,
808,9.51102,0.006134,
809,9.692785,0.003094,
810,4.271576,0.004717,
811,15.28003,0.002581,
812,11.18682,0.003232,
813,13.12628,0.001986,
814,12.7534,0.00206,
815,10.56857,0.001492,
816,14.88932,0.003182,
817,5.032975,0.004079,
818,9.059439,0.005545,
819,7.138624,0.002251,
820,8.319201,0.004934,
821,9.757958,0.003477,
822,16.77048,0.004027,
823,10.96657,0.002766,
824,17.39157,0.003505,
825,12.93938,0.00563,
826,15.25346,0.00497,
827,9.839925,0.006104,
828,9.898344,0.002963,
829,11.22139,0.004663,
830,12.72916,0.005149,
831,17.18675,0.003612,
832,18.18572,0.003577,
833,9.574804,0.002164,
834,17.21632,0.001682,
835,8.048203,0.002028,
836,4.397865,0.004249,
837,6.38055,0.003315,
838,10.57456,0.002182,
839,11.14083,0.00847,
840,10.63591,0.001713,
841,12.55393,0.001004,
842,30.62659,0.011039,
843,11.72183,0.004615,
844,6.353233,0.004978,
845,8.592783,0.003681,
846,5.204888,0.002232,
847,7.867615,0.002344,
848,11.9303,0.004931,
849,9.846997,0.003462,
850,15.53495,0.002193,
851,6.463776,0.003592,
852,16.10952,0.004163,
853,12.66286,0.00637,
854,9.683599,0.004881,
855,13.61191,0.003572,
856,2.38385,0.003316,
857,12.21813,0.008206,
858,10.64679,0.003551,
859,5.285316,0.010065,
860,12.13189,0.004319,
861,8.485557,0.003934,
862,10.35853,0.001221,
863,14.43322,0.003,
864,10.13799,0.002545,
865,0.868785,0.009585,
866,9.579966,0.002926,
867,1.790282,0.014841,
868,6.347544,0.002577,
869,1.394725,0.019575,
870,5.445902,0.005806,
871,6.732976,0.002317,
872,5.27499,0.011931,
873,4.874851,0.004238,
874,13.43351,0.002248,
875,7.352425,0.004295,
876,8.199748,0.003922,
877,16.73578,0.003721,
878,8.547896,0.003555,
879,12.3753,0.003764,
880,1.202483,0.006281,
881,14.78329,0.00278,
882,6.531366,0.002081,
883,9.028821,0.005712,
884,10.76388,0.002795,
885,12.95142,0.002836,
886,1.731373,0.059062,
887,9.136205,0.001772,
888,9.902006,0.004282,
889,4.980861,0.009897,
890,7.226651,0.003192,
891,12.11757,0.002928,
892,3.478652,0.003817,
893,8.568985,0.005639,
894,10.65632,0.001106,
895,6.819203,0.005022,
896,3.120484,0.003935,
897,1.862146,0.016787,
898,12.33188,0.004952,
899,0.455207,0.009647,
900,14.73947,0.003793,
901,1.386889,0.04567,
902,10.75367,0.00419,
903,3.963473,0.002942,
904,15.04505,0.003699,
905,13.75636,0.00281,
906,12.09025,0.004735,
907,14.6903,0.002141,
908,10.67587,0.003545,
909,13.74221,0.001838,
910,10.30942,0.00463,
911,10.18232,0.015206,
912,5.900421,0.003482,
913,11.72163,0.00537,
914,11.86968,0.003212,
915,12.5988,0.004269,
916,10.40122,0.006492,
917,15.74496,0.003877,
918,9.578583,0.001832,
919,10.37715,0.002899,
920,1.458531,0.003258,
921,11.13685,0.002112,
922,9.205595,0.00324,
923,0.961594,0.013264,
924,9.949255,0.002872,
925,9.377553,0.003921,
926,15.07939,0.002935,
927,11.09995,0.001404,
928,10.30501,0.002753,
929,11.8535,0.002829,
930,16.04496,0.001739,
931,16.26928,0.003832,
932,10.08288,0.001757,
933,11.17956,0.004729,
934,1.621776,0.013618,
935,8.28988,0.004785,
936,14.11468,0.004685,
937,13.68053,0.007564,
938,14.81934,0.001794,
939,13.98769,0.002784,
940,14.51063,0.002659,
941,11.90897,0.004865,
942,17.41359,0.003163,
943,13.45262,0.004475,
944,14.22096,0.003731,
945,9.903467,0.006652,
946,8.948122,0.00132,
947,10.7642,0.006482,
948,10.83959,0.001445,
949,7.541438,0.003955,
950,5.255003,0.005403,
951,15.9653,0.002544,
952,10.13262,0.003298,
953,12.15656,0.003272,
954,17.25149,0.003612,
955,3.417518,0.003892,
956,13.33513,0.0049,
957,11.5468,0.006048,
958,5.650513,0.003183,
959,12.97306,0.003196,
960,12.61782,0.006527,
961,7.420202,0.005236,
962,8.496625,0.002766,
963,8.811682,0.003814,
964,16.35182,0.001658,
965,5.733416,0.004124,
966,14.23249,0.008745,
967,8.237387,0.004761,
968,10.47511,0.002607,
969,5.615489,0.004252,
970,8.615557,0.00383,
971,16.78235,0.007753,
972,14.06994,0.003644,
973,11.60162,0.004646,
974,11.57201,0.005931,
975,13.36725,0.005034,
976,11.81681,0.004249,
977,3.146224,0.005047,
978,9.655597,0.003859,
979,10.93101,0.002448,
980,11.58307,0.003347,
981,12.08753,0.007168,
982,14.77303,0.005651,
983,6.468163,0.003387,
984,8.459478,0.008101,
985,13.23409,0.002127,
986,7.098476,0.003348,
987,8.341711,0.008478,
988,18.04175,0.004827,
989,3.872308,0.005426,
990,13.32554,0.012874,
991,0.555654,0.003028,
992,5.628326,0.004064,
993,13.03799,0.004993,
994,3.71109,0.003973,
995,9.824105,0.001272,
996,10.85172,0.00199,
997,14.56631,0.002934,
998,13.74039,0.004099,
999,7.708679,0.004092,
1000,9.033542,0.002994,
1001,16.0891,0.003506,
1002,12.81575,0.003046,
1003,11.46582,0.010191,
1004,7.232124,0.005606,
1005,3.532885,0.003078,
1006,15.67446,0.002806,
1007,6.170693,0.003085,
1008,10.56933,0.006802,
1009,7.94823,0.009097,
1010,23.76405,0.011383,
1011,7.222984,0.004805,
1012,11.63428,0.007591,
1013,13.83902,0.005925,
1014,13.01252,0.003011,
1015,13.12813,0.003314,
1016,12.47487,0.007547,
1017,8.283856,0.004205,
1018,11.68304,0.00509,
1019,15.83768,0.00277,
1020,11.73187,0.006428,
1021,13.60413,0.002053,
1022,9.91245,0.006953,
1023,2.965526,0.020408,
1024,8.592155,0.003654,
1025,5.617949,0.004654,
1026,5.698589,0.005001,
1027,11.16439,0.00545,
1028,14.01541,0.003516,
1029,8.958204,0.004603,
1030,9.181694,0.003743,
1031,11.89166,0.003668,
1032,7.466252,0.003937,
1033,1.442307,0.061106,
1034,8.407585,0.003171,
1035,15.74527,0.003576,
1036,12.02015,0.004935,
1037,16.29576,0.006915,
1038,7.007788,0.047025,
1039,10.07148,0.002265,
1040,11.29383,0.005013,
1041,7.072603,0.005138,
1042,12.6346,0.00463,
1043,16.29042,0.003359,
1044,14.47303,0.003664,
1045,6.535775,0.008804,
1046,11.91645,0.002017,
1047,12.89987,0.005762,
1048,16.7695,0.004087,
1049,5.968307,0.005414,
1050,11.69829,0.003203,
1051,16.44669,0.004133,
1052,8.10253,0.001807,
1053,16.40705,0.002442,
1054,2.584357,0.034002,
1055,14.00313,0.003701,
1056,13.11775,0.005708,
1057,11.39208,0.002805,
1058,3.194136,0.011022,
1059,10.94877,0.00399,
1060,6.634045,0.004682,
1061,5.830239,0.00371,
1062,13.75052,0.012533,
1063,6.223224,0.003208,
1064,12.35324,0.004182,
1065,10.18579,0.003741,
1066,13.70312,0.003912,
1067,11.1039,0.001822,
1068,10.46409,0.00189,
1069,8.851046,0.001051,
1070,12.36061,0.007979,
1071,10.29587,0.001075,
1072,7.283868,0.001232,
1073,10.35064,0.004787,
1074,5.826736,0.005526,
1075,13.01372,0.004183,
1076,14.33531,0.003896,
1077,16.3606,0.004534,
1078,9.524449,0.00486,
1079,11.65215,0.002881,
1080,15.72078,0.004507,
1081,10.81186,0.003427,
1082,14.91939,0.003955,
1083,8.335557,0.004711,
1084,5.599711,0.010206,
1085,14.6987,0.006981,
1086,15.89944,0.002944,
1087,9.661141,0.004414,
1088,15.77745,0.010033,
1089,4.826378,0.004529,
1090,8.285524,0.00549,
1091,8.912656,0.003581,
1092,3.066155,0.0202,
1093,10.26431,0.002696,
1094,3.692921,0.003477,
1095,4.506149,0.002586,
1096,9.791776,0.004757,
1097,6.436727,0.003583,
1098,5.208009,0.006512,
1099,11.82825,0.006452,
1100,6.954152,0.004061,
1101,9.467657,0.002117,
1102,69.35203,0.015415,
1103,16.81968,0.004163,
1104,13.78214,0.00238,
1105,5.545358,0.004812,
1106,11.89022,0.002528,
1107,14.9784,0.002732,
1108,13.21068,0.004892,
1109,11.73784,0.004081,
1110,6.847038,0.002461,
1111,0.285684,0.011753,
1112,11.97429,0.009994,
1113,9.603381,0.003837,
1114,4.852238,0.005714,
1115,8.754418,0.004402,
1116,6.506586,0.005225,
1117,8.607835,0.003515,
1118,9.807712,0.002597,
1119,5.233874,0.007807,
1120,16.89562,0.00245,
1121,9.990671,0.002575,
1122,7.620564,0.002212,
1123,10.00596,0.007901,
1124,11.59424,0.021381,
1125,10.17752,0.003668,
1126,15.06504,0.008533,
1127,10.91427,0.002962,
1128,8.166653,0.004853,
1129,4.815103,0.001704,
1130,12.71093,0.005364,
1131,14.75569,0.003966,
1132,8.09998,0.003203,
1133,12.92412,0.004678,
1134,9.536315,0.004085,
1135,13.90658,0.004909,
1136,13.45435,0.004126,
1137,6.661511,0.001649,
1138,10.23291,0.003052,
1139,8.573013,0.004226,
1140,14.40895,0.005384,
1141,13.17295,0.002611,
1142,13.8302,0.002445,
1143,13.15081,0.00604,
1144,12.12162,0.004216,
1145,9.872066,0.007013,
1146,8.511828,0.005328,
1147,15.95029,0.004131,
1148,6.559312,0.004769,
1149,5.288286,0.001546,
1150,0.3665,0.05372,
1151,17.64389,0.002938,
1152,12.94675,0.004051,
1153,12.97497,0.007276,
1154,5.426245,0.003692,
1155,9.8675,0.003379,
1156,12.33473,0.002905,
1157,14.97825,0.002759,
1158,5.216625,0.003015,
1159,2.045098,0.01895,
1160,11.00635,0.006673,
1161,16.59117,0.003156,
1162,12.16341,0.003128,
1163,11.93986,0.0023,
1164,9.693242,0.003314,
1165,13.64414,0.00369,
1166,15.77638,0.006012,
1167,6.910752,0.008479,
1168,11.2376,0.003783,
1169,9.452985,0.002559,
1170,13.87136,0.003215,
1171,11.64972,0.004881,
1172,16.51777,0.003239,
1173,17.21642,0.003022,
1174,8.683168,0.007986,
1175,8.850511,0.005244,
1176,14.57096,0.005351,
1177,7.22305,0.002991,
1178,7.23599,0.003428,
1179,15.00121,0.005608,
1180,9.304242,0.003284,
1181,6.46194,0.003608,
1182,14.40966,0.003953,
1183,10.64125,0.005292,
1184,12.07946,0.045613,
1185,11.55939,0.001943,
1186,1.79822,0.005122,
1187,1.781469,0.057379,
1188,8.728808,0.004036,
1189,7.991833,0.001236,
1190,3.747425,0.004401,
1191,9.700723,0.007896,
1192,9.329039,0.001967,
1193,2.301135,0.005802,
1194,12.60201,0.004168,
1195,8.433798,0.004417,
1196,11.60422,0.005287,
1197,14.72107,0.005707,
1198,11.65068,0.007111,
1199,6.435347,0.004805,
1200,6.961675,0.003328,
1201,6.188422,0.003856,
1202,28.08225,0.010498,
1203,7.179466,0.003231,
1204,4.998656,0.001621,
1205,10.92254,0.006413,
1206,9.171183,0.003421,
1207,8.543948,0.006343,
1208,9.434958,0.008039,
1209,11.9778,0.003923,
1210,9.266856,0.002018,
1211,11.35238,0.002123,
1212,15.20106,0.004914,
1213,13.65528,0.003504,
1214,16.82567,0.009022,
1215,13.07717,0.002557,
1216,9.050353,0.002998,
1217,16.03997,0.004867,
1218,14.5595,0.002762,
1219,13.52782,0.003158,
1220,12.91131,0.003402,
1221,16.43348,0.003105,
1222,4.722664,0.005481,
1223,10.47067,0.004011,
1224,13.57395,0.00338,
1225,16.0618,0.001995,
1226,11.32049,0.00196,
1227,12.99833,0.004539,
1228,15.7015,0.005028,
1229,12.67086,0.004595,
1230,5.638106,0.00459,
1231,12.12518,0.003089,
1232,7.090907,0.003612,
1233,3.971178,0.002256,
1234,14.06988,0.003676,
1235,13.43681,0.005073,
1236,4.207288,0.002179,
1237,6.953079,0.004006,
1238,5.820088,0.003239,
1239,10.46609,0.003871,
1240,8.518833,0.002421,
1241,11.04707,0.007524,
1242,13.41756,0.002872,
1243,8.783933,0.005007,
1244,13.9599,0.004562,
1245,16.78339,0.007425,
1246,30.84201,0.008121,
1247,9.594697,0.002851,
1248,13.23322,0.00758,
1249,11.70289,0.004002,
1250,11.11176,0.004273,
1251,10.29297,0.021699,
1252,10.98565,0.001186,
1253,6.62778,0.004057,
1254,4.822328,0.004794,
1255,12.30572,0.006203,
1256,8.369575,0.004384,
1257,15.36595,0.004899,
1258,3.468575,0.002545,
1259,13.84073,0.005758,
1260,12.74969,0.001808,
1261,3.708902,0.048061,
1262,7.689979,0.001548,
1263,11.52893,0.005019,
1264,2.390776,0.037013,
1265,14.93897,0.002611,
1266,13.04153,0.003894,
1267,12.05968,0.005323,
1268,5.779156,0.00593,
1269,17.89135,0.002638,
1270,15.83628,0.003326,
1271,9.417549,0.003515,
1272,9.827582,0.002112,
1273,14.73627,0.003927,
1274,15.61127,0.002453,
1275,16.33794,0.003056,
1276,9.050885,0.008388,
1277,12.83182,0.002199,
1278,6.939113,0.003553,
1279,14.43542,0.004233,
1280,8.202026,0.000574,
1281,10.90294,0.007825,
1282,12.69084,0.002808,
1283,12.62569,0.003096,
1284,13.0517,0.002489,
1285,14.07231,0.003563,
1286,1.983211,0.005677,
1287,7.671907,0.001742,
1288,14.41195,0.007248,
1289,10.28822,0.005278,
1290,8.827493,0.006509,
1291,13.9621,0.008754,
1292,2.000673,0.016683,
1293,6.14753,0.002857,
1294,17.04506,0.005174,
1295,8.598528,0.004633,
1296,11.84478,0.007199,
1297,12.59278,0.002787,
1298,2.719214,0.003964,
1299,5.963688,0.000989,
1300,10.03944,0.009586,
1301,17.61473,0.003822,
1302,9.713879,0.002011,
1303,9.895445,0.008268,
1304,10.54636,0.004174,
1305,8.768199,0.002207,
1306,9.510086,0.004603,
1307,14.84138,0.004421,
1308,12.42172,0.00512,
1309,14.00224,0.002135,
1310,18.53446,0.005503,
1311,21.40431,0.00669,
1312,15.18533,0.002679,
1313,9.43032,0.00439,
1314,6.945511,0.003379,
1315,14.44,0.005509,
1316,35.55906,0.009293,
1317,100.8869,0.008282,
1318,8.560204,0.00267,
1319,10.36393,0.002917,
1320,4.435301,0.001074,
1321,15.79499,0.007146,
1322,7.1734,0.003408,
1323,17.06156,0.005228,
1324,13.57276,0.003501,
1325,9.896795,0.004318,
1326,8.881371,0.001047,
1327,13.87225,0.004861,
1328,0.791834,0.008424,
1329,7.237169,0.004422,
1330,11.06897,0.003725,
1331,4.264249,0.009839,
1332,13.23661,0.005652,
1333,13.28021,0.003312,
1334,5.778109,0.001522,
1335,13.1497,0.002798,
1336,11.79088,0.007556,
1337,13.94451,0.004022,
1338,7.721718,0.004448,
1339,13.46359,0.006107,
1340,14.0908,0.0034,
1341,6.177599,0.004232,
1342,14.72204,0.004754,
1343,8.461952,0.007284,
1344,8.761331,0.00366,
1345,13.1181,0.003099,
1346,6.238565,0.00299,
1347,4.712707,0.005066,
1348,14.31527,0.002735,
1349,11.98169,0.006552,
1350,14.06418,0.003028,
1351,14.35839,0.00572,
1352,11.3921,0.003597,
1353,8.918149,0.001582,
1354,13.66845,0.004117,
1355,9.656332,0.00666,
1356,9.790546,0.004869,
1357,5.786295,0.004786,
1358,17.59654,0.004524,
1359,14.68493,0.002384,
1360,7.943001,0.002362,
1361,13.83602,0.003367,
1362,12.39126,0.003426,
1363,13.04364,0.006021,
1364,14.39875,0.006699,
1365,7.919075,0.003371,
1366,5.563098,0.0053,
1367,5.510679,0.004537,
1368,16.8665,0.006632,
1369,13.05278,0.004067,
1370,9.715377,0.005019,
1371,7.773653,0.001186,
1372,7.719811,0.008375,
1373,15.06728,0.007178,
1374,7.433663,0.005123,
1375,5.478451,0.001591,
1376,9.792844,0.003301,
1377,5.631467,0.007764,
1378,20.45759,0.008532,
1379,12.39554,0.009028,
1380,1.785321,0.004574,
1381,8.911772,0.001833,
1382,3.442814,0.007601,
1383,13.5148,0.00327,
1384,12.55307,0.001934,
1385,14.05532,0.006289,
1386,17.4461,0.00325,
1387,9.810742,0.003204,
1388,9.875433,0.002806,
1389,10.78909,0.007347,
1390,10.83646,0.004004,
1391,13.79318,0.003834,
1392,8.484758,0.000714,
1393,11.95479,0.002644,
1394,8.465271,0.006285,
1395,14.60317,0.005376,
1396,8.341669,0.003922,
1397,6.832441,0.001269,
1398,16.26454,0.003977,
1399,12.45136,0.003686,
1400,3.574828,0.004701,
1401,4.790905,0.002562,
1402,7.594453,0.004417,
1403,2.926438,0.004901,
1404,7.716456,0.002793,
1405,7.749355,0.002375,
1406,9.034631,0.004823,
1407,6.796359,0.002466,
1408,10.94147,0.003045,
1409,9.465361,0.003602,
1410,10.05348,0.004094,
1411,13.03372,0.004081,
1412,10.12272,0.002302,
1413,6.911406,0.004979,
1414,9.379073,0.004264,
1415,13.04328,0.003165,
1416,7.533304,0.004948,
1417,0.426467,0.015912,
1418,18.773,0.005053,
1419,14.33573,0.004864,
1420,11.15721,0.00357,
1421,8.167749,0.004516,
1422,12.73495,0.004333,
1423,11.20704,0.003591,
1424,8.769101,0.003944,
1425,13.50672,0.006309,
1426,13.03393,0.003977,
1427,3.788964,0.006055,
1428,11.30005,0.002436,
1429,12.52487,0.006382,
1430,5.072301,0.004568,
1431,12.48954,0.005622,
1432,8.037933,0.003002,
1433,10.41706,0.001072,
1434,14.56727,0.003289,
1435,15.94783,0.007184,
1436,13.98557,0.008322,
1437,2.457052,0.013325,
1438,10.4816,0.004525,
1439,0.606364,0.005043,
1440,13.18101,0.005297,
1441,7.823074,0.005408,
1442,12.46871,0.001554,
1443,12.11147,0.004435,
1444,10.34933,0.009163,
1445,12.36981,0.005022,
1446,3.10288,0.014956,
1447,1.196355,0.009508,
1448,26.06406,0.013884,
1449,4.30736,0.00257,
1450,13.47471,0.002527,
1451,7.577179,0.005798,
1452,11.49423,0.00671,
1453,13.38614,0.002717,
1454,4.82958,0.003319,
1455,6.404381,0.007115,
1456,11.56439,0.006244,
1457,4.405665,0.005385,
1458,6.954034,0.004039,
1459,9.770466,0.003037,
1460,7.090308,0.006784,
1461,12.67014,0.004498,
1462,17.44582,0.005202,
1463,10.13191,0.007281,
1464,2.708065,0.003909,
1465,9.910839,0.003572,
1466,3.964272,0.003026,
1467,0.872015,0.019784,
1468,11.03266,0.003207,
1469,11.165,0.002353,
1470,8.394753,0.001555,
1471,3.748343,0.004149,
1472,10.22604,0.004762,
1473,7.718398,0.001535,
1474,15.61808,0.0034,
1475,1.939075,0.057247,
1476,10.89777,0.002818,
1477,8.352902,0.004764,
1478,12.30178,0.00438,
1479,16.71049,0.007494,
1480,15.41006,0.005926,
1481,10.05888,0.005286,
1482,10.20969,0.004343,
1483,15.40285,0.005843,
1484,16.5932,0.003301,
1485,5.35424,0.002533,
1486,9.022438,0.004588,
1487,15.26002,0.00402,
1488,16.00551,0.003515,
1489,10.94375,0.00511,
1490,6.038812,0.002585,
1491,9.984391,0.00162,
1492,13.86474,0.004207,
1493,14.68712,0.002428,
1494,14.18358,0.006291,
1495,8.992609,0.002148,
1496,17.53194,0.002687,
1497,5.863284,0.006056,
1498,11.97072,0.002619,
1499,5.218577,0.004614,
1500,18.05894,0.003464,
1501,6.168826,0.00217,
1502,13.47685,0.004075,
1503,10.32378,0.002764,
1504,10.39915,0.002727,
1505,5.612504,0.002514,
1506,11.62672,0.003293,
1507,11.50253,0.00508,
1508,10.07359,0.002064,
1509,12.96947,0.001364,
1510,13.22889,0.004532,
1511,10.51177,0.003839,
1512,11.39172,0.00154,
1513,11.28556,0.004127,
1514,6.881285,0.007396,
1515,16.79468,0.00771,
1516,12.0708,0.00428,
1517,7.034231,0.002815,
1518,7.7703,0.003471,
1519,6.879835,0.003105,
1520,6.831906,0.004718,
1521,14.8779,0.005013,
1522,7.27505,0.002931,
1523,0.883877,0.04885,
1524,12.00077,0.004633,
1525,5.551958,0.002622,
1526,6.200306,0.004481,
1527,11.87208,0.003752,
1528,7.750092,0.002929,
1529,11.29708,0.005236,
1530,21.89952,0.010689,
1531,9.647952,0.00323,
1532,11.71537,0.00497,
1533,6.338586,0.002537,
1534,12.3878,0.003198,
1535,9.951717,0.003816,
1536,11.53624,0.005003,
1537,12.073,0.003383,
1538,14.58388,0.003618,
1539,12.45916,0.002914,
1540,10.96871,0.002953,
1541,9.874853,0.002441,
1542,6.972852,0.004447,
1543,13.55816,0.016762,
1544,9.782202,0.001632,
1545,10.67018,0.003396,
1546,13.32563,0.002114,
1547,14.08948,0.00352,
1548,23.80726,0.007268,
1549,9.412831,0.001643,
1550,6.516445,0.005919,
1551,10.88536,0.004653,
1552,8.982762,0.001571,
1553,7.928217,0.004075,
1554,15.7371,0.002765,
1555,15.98733,0.003337,
1556,4.803829,0.005403,
1557,13.1505,0.004018,
1558,7.340226,0.002943,
1559,11.02579,0.003757,
1560,5.140955,0.005034,
1561,8.833205,0.004173,
1562,5.768705,0.004387,
1563,14.63461,0.003762,
1564,15.82381,0.004768,
1565,6.317605,0.005392,
1566,17.54119,0.003699,
1567,3.335145,0.003888,
1568,4.814746,0.005042,
1569,15.00334,0.002964,
1570,10.14967,0.003052,
1571,13.41957,0.007594,
1572,11.37215,0.001579,
1573,14.95319,0.004067,
1574,13.22962,0.003322,
1575,7.341328,0.003181,
1576,9.440503,0.004738,
1577,0.366943,0.006816,
1578,15.99569,0.00448,
1579,9.99219,0.001178,
1580,9.940432,0.004457,
1581,5.751342,0.002999,
1582,7.834412,0.001141,
1583,1.077746,0.006099,
1584,13.05571,0.003595,
1585,4.864328,0.00487,
1586,9.91456,0.005189,
1587,13.89034,0.005895,
1588,7.729843,0.00111,
1589,9.488611,0.004104,
1590,16.79664,0.002226,
1591,7.550263,0.002801,
1592,11.22525,0.005924,
1593,7.393234,0.003718,
1594,11.38024,0.001831,
1595,12.07533,0.002741,
1596,10.27041,0.005128,
1597,10.89905,0.004415,
1598,5.310401,0.002496,
1599,5.369956,0.004587,
1600,13.05215,0.003853,
1601,10.91582,0.010369,
1602,12.48805,0.008918,
1603,4.587924,0.007804,
1604,11.77617,0.003301,
1605,9.982191,0.005623,
1606,8.914352,0.007793,
1607,5.678901,0.009825,
1608,10.76774,0.003285,
1609,12.58578,0.004995,
1610,12.30535,0.008015,
1611,13.95257,0.005266,
1612,8.9209,0.001435,
1613,13.26882,0.004334,
1614,13.26989,0.002033,
1615,16.09355,0.006909,
1616,9.144143,0.02889,
1617,11.39719,0.003384,
1618,8.06787,0.002721,
1619,9.973298,0.003095,
1620,11.78782,0.002581,
1621,1.269974,0.008798,
1622,1.864921,0.004541,
1623,12.19553,0.002955,
1624,10.90771,0.002812,
1625,15.03288,0.002865,
1626,16.71839,0.003909,
1627,6.02894,0.007849,
1628,11.8517,0.006513,
1629,3.456762,0.005009,
1630,12.74414,0.00258,
1631,1.76286,0.01773,
1632,8.820732,0.001039,
1633,11.62204,0.00809,
1634,10.55402,0.005113,
1635,11.65317,0.004311,
1636,10.65625,0.005734,
1637,8.745766,0.004247,
1638,12.74234,0.003406,
1639,12.51421,0.002448,
1640,7.430465,0.007577,
1641,6.4649,0.006273,
1642,4.613683,0.003799,
1643,16.66244,0.004973,
1644,13.02838,0.005401,
1645,10.2805,0.004932,
1646,9.351793,0.004177,
1647,11.47246,0.004075,
1648,5.986005,0.006154,
1649,8.288893,0.006977,
1650,6.80973,0.003944,
1651,9.831354,0.001525,
1652,11.76479,0.00355,
1653,12.44052,0.003226,
1654,12.27893,0.003951,
1655,15.44193,0.005174,
1656,12.9729,0.00547,
1657,10.63292,0.006127,
1658,2.124654,0.035652,
1659,13.54924,0.006412,
1660,7.973984,0.00493,
1661,2.228156,0.002855,
1662,10.32638,0.003426,
1663,14.41576,0.003811,
1664,11.64362,0.003971,
1665,10.77506,0.003392,
1666,11.23568,0.005342,
1667,12.83143,0.005173,
1668,14.02,0.003175,
1669,7.659526,0.006018,
1670,9.263284,0.005291,
1671,6.026762,0.004814,
1672,9.550943,0.005571,
1673,13.07448,0.003746,
1674,14.83842,0.003693,
1675,11.45893,0.00531,
1676,16.05745,0.005341,
1677,14.36411,0.004182,
1678,12.33514,0.003481,
1679,11.86861,0.002873,
1680,15.46097,0.002664,
1681,17.79532,0.004479,
1682,1.777988,0.006428,
1683,6.726768,0.00451,
1684,10.30198,0.003031,
1685,14.17445,0.005911,
1686,6.699508,0.002406,
1687,13.7006,0.006577,
1688,14.00153,0.003532,
1689,10.46978,0.004242,
1690,9.80688,0.001221,
1691,7.35608,0.004171,
1692,3.605322,0.00234,
1693,5.142075,0.004143,
1694,10.31799,0.003325,
1695,10.92086,0.003752,
1696,11.90549,0.004701,
1697,15.29977,0.005678,
1698,11.08337,0.001919,
1699,13.21587,0.003698,
1700,1.087627,0.018403,
1701,0.681719,0.010702,
1702,12.1146,0.00512,
1703,8.713415,0.002796,
1704,7.369846,0.004608,
1705,12.68864,0.003049,
1706,9.603843,0.003437,
1707,26.52889,0.005135,
1708,23.22196,0.015054,
1709,6.435102,0.004453,
1710,9.561108,0.003094,
1711,8.033547,0.00447,
1712,12.54153,0.004026,
1713,11.57457,0.004433,
1714,9.754671,0.002824,
1715,11.82239,0.003185,
1716,5.705466,0.002883,
1717,3.373065,0.027268,
1718,5.559791,0.006637,
1719,18.07072,0.003691,
1720,8.863185,0.001491,
1721,15.47003,0.002921,
1722,10.26871,0.003989,
1723,12.40676,0.002929,
1724,14.48999,0.002988,
1725,8.926082,0.003118,
1726,9.349932,0.021937,
1727,10.19457,0.003406,
1728,11.80229,0.00663,
1729,11.50838,0.005792,
1730,15.17051,0.0034,
1731,7.007053,0.002924,
1732,10.10164,0.003449,
1733,9.131296,0.004325,
1734,8.42027,0.004289,
1735,11.91536,0.007805,
1736,12.72819,0.0044,
1737,15.34024,0.004648,
1738,11.97383,0.006159,
1739,4.492525,0.004899,
1740,12.83632,0.007351,
1741,7.483312,0.001341,
1742,5.282821,0.003736,
1743,9.38233,0.003178,
1744,12.67722,0.007211,
1745,15.16428,0.002016,
1746,2.560091,0.010106,
1747,19.74968,0.004674,
1748,14.68176,0.003746,
1749,11.95855,0.003762,
1750,9.481869,0.00415,
1751,13.31974,0.005002,
1752,8.116892,0.00582,
1753,13.02751,0.009663,
1754,7.4725,0.004333,
1755,11.72048,0.004397,
1756,14.96011,0.003591,
1757,15.5015,0.004001,
1758,11.96168,0.001233,
1759,12.60202,0.006222,
1760,7.812637,0.003036,
1761,14.63351,0.002994,
1762,7.329311,0.005384,
1763,12.76105,0.005223,
1764,14.4065,0.001651,
1765,4.126068,0.004439,
1766,6.591005,0.00287,
1767,10.89636,0.00334,
1768,13.64361,0.002894,
1769,11.94996,0.006504,
1770,10.17582,0.001599,
1771,14.22843,0.003752,
1772,10.30547,0.003996,
1773,16.89816,0.00397,
1774,15.58561,0.005546,
1775,7.554889,0.004756,
1776,2.603559,0.004504,
1777,15.20028,0.00305,
1778,15.36024,0.004484,
1779,13.01008,0.003548,
1780,11.95834,0.003614,
1781,2.083344,0.005376,
1782,16.94281,0.002896,
1783,4.713008,0.002837,
1784,14.73367,0.003171,
1785,12.12391,0.003502,
1786,7.95472,0.004445,
1787,8.153844,0.003131,
1788,5.657947,0.005253,
1789,7.308581,0.003916,
1790,9.070287,0.003559,
1791,14.01172,0.002211,
1792,10.95636,0.005364,
1793,15.97613,0.008023,
1794,0.713885,0.007392,
1795,13.25008,0.004171,
1796,12.34025,0.004839,
1797,13.43027,0.014316,
1798,10.03974,0.001484,
1799,10.65238,0.00284,
1800,9.016968,0.005469,
1801,2.075123,0.001445,
1802,10.0604,0.005136,
1803,4.113084,0.00281,
1804,17.16296,0.004168,
1805,23.24848,0.006623,
1806,5.751591,0.001658,
1807,14.24848,0.004119,
1808,8.030014,0.001947,
1809,15.94007,0.003121,
1810,10.30277,0.052016,
1811,14.26225,0.005729,
1812,9.045065,0.002942,
1813,11.32564,0.003516,
1814,6.636792,0.004381,
1815,13.78623,0.004737,
1816,12.89687,0.002865,
1817,9.362813,0.00375,
1818,11.18457,0.005745,
1819,10.39037,0.004443,
1820,12.55004,0.003373,
1821,10.18984,0.002826,
1822,2.32028,0.027714,
1823,12.5445,0.004635,
1824,13.59714,0.003776,
1825,9.332222,0.003101,
1826,0.253647,0.021037,
1827,14.28512,0.00636,
1828,14.53142,0.004118,
1829,11.85512,0.003218,
1830,13.11754,0.003672,
1831,4.799526,0.00326,
1832,10.24884,0.003125,
1833,10.56078,0.002866,
1834,9.190086,0.009732,
1835,6.151992,0.003964,
1836,13.42016,0.005082,
1837,17.29029,0.002999,
1838,0.37816,0.006192,
1839,3.115923,0.005543,
1840,13.16318,0.010977,
1841,12.88378,0.00264,
1842,9.737734,0.008726,
1843,4.299147,0.006878,
1844,13.38446,0.006582,
1845,8.23247,0.011381,
1846,10.76039,0.005237,
1847,7.54338,0.003765,
1848,11.07097,0.001031,
1849,5.357411,0.004057,
1850,4.902814,0.004815,
1851,9.435905,0.004773,
1852,13.71833,0.005112,
1853,14.5838,0.004459,
1854,6.238982,0.00464,
1855,14.36908,0.003989,
1856,12.10112,0.002264,
1857,13.39429,0.004301,
1858,11.25255,0.005092,
1859,12.82606,0.002474,
1860,8.425088,0.002874,
1861,11.08636,0.001443,
1862,9.184802,0.003577,
1863,10.34875,0.015208,
1864,12.19806,0.006441,
1865,14.45722,0.005148,
1866,13.45987,0.002696,
1867,8.003668,0.005389,
1868,13.71693,0.004199,
1869,6.219371,0.006035,
1870,11.52161,0.004235,
1871,9.394001,0.003557,
1872,15.0473,0.003256,
1873,5.059811,0.003143,
1874,14.30255,0.004352,
1875,10.47697,0.0337,
1876,7.826869,0.004105,
1877,6.094898,0.003293,
1878,14.13978,0.005647,
1879,5.783272,0.002298,
1880,10.21437,0.002482,
1881,10.51947,0.003597,
1882,8.807216,0.000485,
1883,13.07086,0.003533,
1884,9.827077,0.003052,
1885,19.00401,0.002282,
1886,12.07121,0.003422,
1887,6.052474,0.004068,
1888,9.631234,0.001654,
1889,15.00222,0.002974,
1890,12.21671,0.004655,
1891,14.01494,0.005612,
1892,12.0488,0.004678,
1893,8.942611,0.003985,
1894,9.201477,0.003787,
1895,8.436606,0.0019,
1896,6.826113,0.002692,
1897,16.45021,0.003996,
1898,12.75445,0.003775,
1899,9.817639,0.006193,
1900,16.56668,0.005234,
1901,13.09492,0.004036,
1902,10.72085,0.00517,
1903,15.10106,0.003648,
1904,15.41098,0.003888,
1905,12.07918,0.00321,
1906,9.937841,0.002886,
1907,6.502672,0.001457,
1908,8.909784,0.004594,
1909,6.612209,0.00502,
1910,23.15739,0.007081,
1911,13.10599,0.001796,
1912,9.933289,0.004137,
1913,16.70518,0.003727,
1914,9.075997,0.003637,
1915,10.55963,0.004966,
1916,12.55605,0.004472,
1917,6.809481,0.001103,
1918,12.61497,0.004228,
1919,8.688632,0.00455,
1920,10.15975,0.002712,
1921,10.8893,0.009242,
1922,10.06131,0.003902,
1923,13.95961,0.00373,
1924,15.82398,0.007102,
1925,4.862297,0.001885,
1926,7.918899,0.004502,
1927,3.210377,0.003799,
1928,9.852296,0.009635,
1929,9.39441,0.00388,
1930,12.1062,0.007353,
1931,13.39049,0.003582,
1932,18.93076,0.00211,
1933,9.321585,0.004186,
1934,8.313417,0.002694,
1935,4.86531,0.002186,
1936,10.45672,0.004799,
1937,10.89609,0.004143,
1938,2.830631,0.008674,
1939,15.93803,0.005313,
1940,8.675951,0.007591,
1941,14.90154,0.003951,
1942,5.65665,0.003612,
1943,6.420096,0.004132,
1944,20.95795,0.007902,
1945,16.52541,0.003846,
1946,9.714255,0.00572,
1947,15.21819,0.001965,
1948,6.741921,0.006132,
1949,9.629838,0.004855,
1950,9.040441,0.002609,
1951,9.195095,0.003816,
1952,5.804001,0.002891,
1953,10.3708,0.004143,
1954,19.02949,0.00885,
1955,13.85107,0.005329,
1956,4.08596,0.004662,
1957,7.609391,0.001663,
1958,5.832486,0.003104,
1959,4.675895,0.008721,
1960,11.08481,0.002634,
1961,27.68165,0.00486,
1962,2.178707,0.017764,
1963,8.936432,0.005098,
1964,6.379883,0.00949,
1965,11.4079,0.002698,
1966,10.63976,0.002671,
1967,9.19949,0.003887,
1968,9.357059,0.006052,
1969,10.80326,0.006783,
1970,5.81786,0.002973,
1971,13.36364,0.003448,
1972,8.26295,0.003272,
1973,11.45725,0.006854,
1974,10.5648,0.006033,
1975,5.720487,0.002824,
1976,17.8334,0.004786,
1977,15.04054,0.00353,
1978,13.23931,0.003308,
1979,10.66205,0.003004,
1980,13.44989,0.008733,
1981,16.56373,0.003512,
1982,12.87868,0.006406,
1983,18.57177,0.002963,
1984,1.897454,0.039678,
1985,11.51088,0.002652,
1986,8.051664,0.003165,
1987,8.823122,0.003536,
1988,15.36167,0.002588,
1989,10.0511,0.002292,
1990,6.690664,0.004993,
1991,6.581249,0.003351,
1992,14.2522,0.004077,
1993,16.53854,0.002865,
1994,1.148278,0.015144,
1995,7.384204,0.002298,
1996,12.25934,0.004359,
1997,9.023891,0.003421,
1998,13.59111,0.003742,
1999,17.18982,0.008582,
2000,6.718576,0.003843,
2001,0.706327,0.024634,
2002,9.614676,0.003937,
2003,16.66141,0.005662,
2004,4.13062,0.002971,
2005,4.44893,0.003198,
2006,13.70492,0.010251,
2007,9.707726,0.003113,
2008,14.17556,0.003467,
2009,12.38138,0.004751,
2010,4.745545,0.021931,
2011,15.8391,0.004306,
2012,12.49279,0.003929,
2013,12.76367,0.008335,
2014,13.2942,0.004261,
2015,2.771779,0.002251,
2016,9.568651,0.003331,
2017,7.654013,0.002558,
2018,12.53337,0.007667,
2019,13.99318,0.002594,
2020,12.5792,0.002666,
2021,11.08033,0.002924,
2022,14.06642,0.006496,
2023,11.34826,0.005241,
2024,8.148313,0.002268,
2025,2.240697,0.0214,
2026,11.80029,0.00403,
2027,10.1756,0.004096,
2028,3.12972,0.005889,
2029,12.51677,0.003952,
2030,5.18175,0.002945,
2031,10.10202,0.002635,
2032,13.60818,0.007273,
2033,11.70852,0.001879,
2034,14.17369,0.004306,
2035,13.83047,0.00409,
2036,18.02871,0.006167,
2037,8.851059,0.004408,
2038,30.469,0.011636,
2039,13.06271,0.004291,
2040,7.212644,0.003973,
2041,11.26156,0.005007,
2042,16.62911,0.003123,
2043,9.64486,0.006809,
2044,12.85754,0.002737,
2045,4.827313,0.002003,
2046,12.66512,0.002622,
2047,7.488034,0.003597,
2048,9.531801,0.00315,
2049,9.342879,0.005407,
2050,2.04752,0.013207,
2051,12.13486,0.005845,
2052,13.35623,0.003256,
2053,14.76649,0.002635,
2054,7.984578,0.005556,
2055,15.54786,0.009893,
2056,21.71356,0.003366,
2057,6.697238,0.004766,
2058,15.93779,0.003369,
2059,9.76047,0.001185,
2060,1.702278,0.013503,
2061,7.320658,0.003062,
2062,8.497894,0.005387,
2063,14.85643,0.007042,
2064,17.63167,0.003757,
2065,11.15243,0.005812,
2066,11.27082,0.001442,
2067,6.731435,0.004111,
2068,11.63103,0.003367,
2069,13.87649,0.005781,
2070,7.592556,0.001705,
2071,7.212844,0.003833,
2072,5.880069,0.004231,
2073,5.295654,0.004159,
2074,7.353988,0.008589,
2075,8.936849,0.003772,
2076,9.562225,0.003041,
2077,8.564571,0.003887,
2078,13.55911,0.002727,
2079,8.312231,0.002828,
2080,10.47085,0.005268,
2081,0.441597,0.010094,
2082,10.86849,0.002628,
2083,8.919195,0.002077,
2084,4.120936,0.021445,
2085,15.81908,0.004935,
2086,1.944934,0.005183,
2087,4.218819,0.003235,
2088,13.11167,0.004964,
2089,3.496235,0.00206,
2090,11.24171,0.003377,
2091,9.750053,0.003272,
2092,13.39305,0.004398,
2093,17.95342,0.004331,
2094,11.48333,0.003202,
2095,12.42302,0.004571,
2096,17.74234,0.002486,
2097,19.46646,0.006035,
2098,11.71263,0.00698,
2099,8.903526,0.004379,
2100,15.3592,0.00965,
2101,10.04605,0.004485,
2102,10.90825,0.005328,
2103,7.411524,0.005569,
2104,10.48592,0.002948,
2105,11.61194,0.00391,
2106,12.96521,0.004294,
2107,13.01057,0.00571,
2108,5.563226,0.007056,
2109,14.29417,0.005583,
2110,25.07655,0.012984,
2111,7.259563,0.001451,
2112,16.2752,0.005757,
2113,11.62639,0.007977,
2114,12.25419,0.00505,
2115,17.44393,0.003509,
2116,11.48121,0.004069,
2117,16.39901,0.003525,
2118,8.848519,0.002224,
2119,6.405616,0.003487,
2120,9.35129,0.00353,
2121,10.52105,0.004827,
2122,10.6035,0.003743,
2123,9.771816,0.003803,
2124,15.08655,0.00458,
2125,7.965903,0.003016,
2126,8.289849,0.003254,
2127,10.00388,0.004281,
2128,9.897093,0.003883,
2129,9.080474,0.004972,
2130,12.26173,0.005642,
2131,8.173533,0.003613,
2132,7.409365,0.001774,
2133,10.03268,0.004787,
2134,9.780385,0.00177,
2135,3.339519,0.003008,
2136,13.16762,0.004579,
2137,11.18485,0.003935,
2138,14.25898,0.007636,
2139,10.22364,0.003208,
2140,11.83247,0.004851,
2141,1.963358,0.018364,
2142,8.822607,0.006135,
2143,9.097082,0.003385,
2144,18.79543,0.004939,
2145,8.476645,0.000832,
2146,10.4143,0.003761,
2147,12.42709,0.002499,
2148,8.039674,0.00396,
2149,13.21527,0.003169,
2150,3.803425,0.004576,
2151,12.70005,0.003758,
2152,24.72927,0.00898,
2153,1.265298,0.020197,
2154,11.24352,0.010343,
2155,17.55983,0.007196,
2156,14.54163,0.003354,
2157,6.605508,0.004195,
2158,10.5377,0.006413,
2159,15.16556,0.003909,
2160,16.85657,0.004358,
2161,2.154032,0.017613,
2162,15.80826,0.003726,
2163,13.66069,0.004736,
2164,11.82415,0.003702,
2165,13.52307,0.003424,
2166,5.733542,0.002414,
2167,14.40802,0.003485,
2168,8.499335,0.005831,
2169,8.207061,0.003092,
2170,12.27108,0.003035,
2171,14.15932,0.004678,
2172,9.633338,0.003959,
2173,15.7104,0.003475,
2174,11.06573,0.005909,
2175,7.958824,0.004119,
2176,12.62712,0.004228,
2177,12.18858,0.005276,
2178,10.70982,0.003811,
2179,60.91873,0.015861,
2180,8.851513,0.003718,
2181,7.787599,0.003852,
2182,6.567554,0.003842,
2183,12.14315,0.003943,
2184,8.20873,0.002744,
2185,20.43102,0.005912,
2186,13.20705,0.003561,
2187,9.938756,0.005912,
2188,13.5104,0.003217,
2189,21.15796,0.003938,
2190,5.825755,0.004097,
2191,16.32906,0.002513,
2192,11.38903,0.005278,
2193,11.64521,0.004419,
2194,12.63755,0.003296,
2195,6.245439,0.007226,
2196,12.47233,0.001778,
2197,6.792469,0.00452,
2198,7.073624,0.004172,
2199,14.09162,0.003543,
2200,14.26576,0.003834,
2201,17.36317,0.012084,
2202,21.6303,0.011941,
2203,11.448,0.003407,
2204,9.7695,0.009146,
2205,15.07119,0.004312,
2206,1.870935,0.007618,
2207,9.365436,0.001829,
2208,7.97263,0.004093,
2209,10.60343,0.003972,
2210,8.223302,0.00514,
2211,8.191942,0.003539,
2212,11.19827,0.003968,
2213,7.379946,0.005343,
2214,7.169105,0.0036,
2215,9.036291,0.002477,
2216,8.233917,0.005713,
2217,5.425814,0.00402,
2218,11.61151,0.002392,
2219,5.423598,0.00466,
2220,9.918442,0.002934,
2221,12.72869,0.004537,
2222,17.71983,0.004723,
2223,14.436,0.003898,
2224,6.183337,0.004099,
2225,0.463058,0.031982,
2226,13.03742,0.003035,
2227,13.81693,0.002393,
2228,15.85181,0.001981,
2229,10.04034,0.003128,
2230,15.00548,0.003373,
2231,13.11731,0.003868,
2232,6.935735,0.00471,
2233,9.642406,0.003488,
2234,13.6168,0.006153,
2235,11.15817,0.003871,
2236,2.416687,0.011223,
2237,3.017802,0.005359,
2238,14.93014,0.006666,
2239,10.77121,0.003162,
2240,5.77028,0.00164,
2241,13.62954,0.004642,
2242,13.4499,0.004696,
2243,11.52333,0.008962,
2244,10.78391,0.004194,
2245,6.082545,0.005309,
2246,14.58118,0.006352,
2247,10.83369,0.006083,
2248,11.79033,0.006611,
2249,25.10531,0.010168,
2250,16.24536,0.00479,
2251,16.86554,0.003443,
2252,11.97867,0.00463,
2253,14.4746,0.002534,
2254,7.797468,0.003546,
2255,9.018316,0.006092,
2256,10.74362,0.003303,
2257,13.01293,0.00516,
2258,14.6681,0.002502,
2259,13.60245,0.004784,
2260,14.29878,0.006627,
2261,13.8002,0.004749,
2262,28.63166,0.007987,
2263,13.5535,0.00368,
2264,16.18894,0.00436,
2265,7.183241,0.003051,
2266,5.210548,0.005161,
2267,4.904818,0.006581,
2268,15.94098,0.00374,
2269,13.10061,0.004926,
2270,8.2678,0.004036,
2271,7.560571,0.002864,
2272,16.33667,0.005338,
2273,4.035248,0.006695,
2274,13.02752,0.002993,
2275,24.55965,0.003274,
2276,4.791983,0.004433,
2277,18.89729,0.00274,
2278,8.266423,0.004032,
2279,12.83641,0.004061,
2280,11.7436,0.002549,
2281,2.217524,0.006409,
2282,9.633006,0.005375,
2283,9.526167,0.005336,
2284,1.993296,0.004213,
2285,13.16723,0.004629,
2286,7.357589,0.006684,
2287,15.23114,0.003798,
2288,8.081933,0.003511,
2289,7.332884,0.004323,
2290,1.625258,0.026683,
2291,14.47694,0.003473,
2292,7.549172,0.003171,
2293,4.917131,0.006376,
2294,16.99924,0.005394,
2295,4.586567,0.004119,
2296,10.59844,0.002472,
2297,12.39828,0.003564,
2298,11.26419,0.002268,
2299,0.899083,0.00705,
2300,11.20594,0.003271,
2301,2.214789,0.01071,
2302,10.75238,0.001742,
2303,4.668294,0.005013,
2304,2.128419,0.010373,
2305,9.50868,0.003238,
2306,10.29425,0.002737,
2307,15.89715,0.001734,
2308,8.190737,0.004649,
2309,6.981401,0.004569,
2310,11.61299,0.002755,
2311,10.17128,0.011508,
2312,6.306982,0.003774,
2313,9.668676,0.005486,
2314,25.32077,0.009431,
2315,11.34624,0.005797,
2316,11.6082,0.005966,
2317,10.47739,0.002133,
2318,11.06723,0.002516,
2319,7.996197,0.002205,
2320,11.27899,0.006111,
2321,5.488091,0.005208,
2322,12.49108,0.005344,
2323,11.31245,0.003194,
2324,5.864878,0.001663,
2325,12.31242,0.008949,
2326,9.918991,0.003016,
2327,19.22613,0.005606,
2328,8.920716,0.004554,
2329,9.165701,0.003873,
2330,8.336646,0.003849,
2331,13.19021,0.004324,
2332,8.867893,0.003059,
2333,10.34397,0.003406,
2334,14.7815,0.002946,
2335,6.948742,0.001324,
2336,7.267768,0.00418,
2337,16.80437,0.007714,
2338,11.27023,0.002538,
2339,1.238749,0.095095,
2340,9.196381,0.005997,
2341,8.860295,0.00678,
2342,11.725,0.003988,
2343,6.683761,0.004136,
2344,5.545892,0.002974,
2345,8.958473,0.005079,
2346,16.44763,0.001608,
2347,7.664101,0.005915,
2348,1.906257,0.012211,
2349,15.55697,0.001681,
2350,11.9919,0.003113,
2351,15.26102,0.005111,
2352,8.330568,0.006742,
2353,4.222309,0.003763,
2354,13.53506,0.002557,
2355,12.28456,0.003746,
2356,7.190706,0.004642,
2357,5.58666,0.001962,
2358,17.80388,0.005311,
2359,14.12462,0.003409,
2360,7.342176,0.004235,
2361,4.418764,0.004276,
2362,8.233277,0.003862,
2363,9.187137,0.004086,
2364,7.161506,0.004723,
2365,14.54452,0.004452,
2366,9.115515,0.003973,
2367,5.110392,0.004148,
2368,7.613775,0.005267,
2369,11.82559,0.005388,
2370,3.221334,0.021808,
2371,8.797027,0.00183,
2372,7.652349,0.006651,
2373,14.88586,0.006552,
2374,6.473607,0.002372,
2375,14.06564,0.003639,
2376,7.720468,0.004579,
2377,12.73763,0.002171,
2378,14.35511,0.003001,
2379,16.66126,0.006515,
2380,15.94816,0.00262,
2381,13.60047,0.005706,
2382,1.504021,0.027312,
2383,12.30739,0.001858,
2384,14.92434,0.004433,
2385,5.720334,0.00485,
2386,11.80716,0.002761,
2387,5.866287,0.003468,
2388,1.766321,0.02326,
2389,10.83914,0.004835,
2390,12.399,0.003377,
2391,10.88452,0.004798,
2392,11.04466,0.005153,
2393,5.161404,0.004483,
2394,7.580741,0.003717,
2395,11.67134,0.006305,
2396,7.762771,0.004228,
2397,7.153595,0.004374,
2398,12.91484,0.00628,
2399,14.56977,0.003128,
2400,9.636792,0.001972,
2401,8.907276,0.004683,
2402,15.24371,0.003214,
2403,10.31991,0.005637,
2404,11.65823,0.004722,
2405,9.746426,0.00349,
2406,6.627748,0.002958,
2407,13.25369,0.004335,
2408,3.92564,0.00301,
2409,16.73006,0.003972,
2410,8.862027,0.000929,
2411,15.06027,0.006106,
2412,9.379775,0.005372,
2413,8.0298,0.004451,
2414,2.35667,0.002979,
2415,17.18394,0.004014,
2416,14.29567,0.012024,
2417,14.69852,0.041542,
2418,8.304671,0.007975,
2419,5.372642,0.008974,
2420,1.290417,0.00451,
2421,12.39775,0.003428,
2422,9.562252,0.003127,
2423,9.319256,0.003554,
2424,10.13544,0.003626,
2425,13.74132,0.003355,
2426,14.51412,0.003483,
2427,17.03464,0.002034,
2428,14.56201,0.00269,
2429,4.520902,0.006234,
2430,9.784073,0.003498,
2431,12.99279,0.004149,
2432,13.15278,0.004762,
2433,6.655249,0.00262,
2434,15.60933,0.003123,
2435,7.236512,0.001889,
2436,9.146435,0.006738,
2437,11.05962,0.003263,
2438,16.40782,0.002232,
2439,12.5311,0.003534,
2440,7.122966,0.003321,
2441,9.744894,0.004207,
2442,13.56254,0.004962,
2443,14.033,0.003299,
2444,1.238382,0.019373,
2445,13.13523,0.001765,
2446,8.586887,0.005512,
2447,7.667284,0.003119,
2448,14.36012,0.005959,
2449,9.883047,0.002505,
2450,15.4242,0.00392,
2451,15.89141,0.003154,
2452,4.616442,0.006465,
2453,10.13883,0.004315,
2454,7.572695,0.003638,
2455,14.8812,0.004105,
2456,10.92106,0.003526,
2457,9.251738,0.005709,
2458,13.27138,0.005481,
2459,10.47038,0.002324,
2460,6.167298,0.006367,
2461,10.1757,0.004256,
2462,13.71926,0.003557,
2463,12.10855,0.004067,
2464,24.4292,0.003195,
2465,9.712413,0.008032,
2466,18.97099,0.006846,
2467,14.28486,0.003652,
2468,13.28402,0.011694,
2469,8.28827,0.005173,
2470,12.79667,0.003263,
2471,17.54365,0.004583,
2472,11.50451,0.003184,
2473,12.64333,0.003663,
2474,3.908077,0.015187,
2475,8.563191,0.0042,
2476,11.89263,0.004062,
2477,11.1005,0.011147,
2478,4.956059,0.00234,
2479,15.02955,0.005488,
2480,9.226908,0.003641,
2481,12.08179,0.00487,
2482,15.50927,0.002118,
2483,9.088494,0.001639,
2484,3.214542,0.034436,
2485,4.871557,0.00418,
2486,14.20493,0.002313,
2487,7.078389,0.004781,
2488,8.586426,0.004438,
2489,3.147777,0.003912,
2490,3.708889,0.005058,
2491,13.2038,0.006489,
2492,10.4677,0.004103,
2493,16.79924,0.003535,
2494,10.95254,0.002754,
2495,15.29859,0.00181,
2496,6.524013,0.005603,
2497,14.33401,0.004139,
2498,7.610927,0.00385,
2499,8.310154,0.005233,
2500,11.20976,0.002121,
2501,9.274787,0.015509,
2502,10.63907,0.003683,
2503,10.00273,0.00662,
2504,6.669641,0.004827,
2505,12.15116,0.004083,
2506,13.89513,0.003848,
2507,7.266558,0.005468,
2508,10.2842,0.00734,
2509,16.24021,0.002351,
2510,9.294514,0.005124,
2511,7.969201,0.003242,
2512,13.74253,0.00366,
2513,11.64369,0.007029,
2514,10.08737,0.003523,
2515,11.3458,0.004052,
2516,15.00239,0.00696,
2517,7.806791,0.004897,
2518,17.22284,0.003478,
2519,11.35065,0.007405,
2520,14.11318,0.002119,
2521,2.867788,0.006018,
2522,10.89596,0.002275,
2523,5.522804,0.002271,
2524,1.968806,0.001826,
2525,8.844433,0.00565,
2526,3.783984,0.005788,
2527,1.021104,0.028246,
2528,8.001116,0.002803,
2529,3.388188,0.014621,
2530,4.375974,0.002496,
2531,9.441852,0.002987,
2532,4.367688,0.0027,
2533,9.337621,0.002671,
2534,9.93682,0.002688,
2535,17.70216,0.009055,
2536,0.881893,0.00828,
2537,6.204349,0.004517,
2538,17.82579,0.004485,
2539,14.3591,0.002767,
2540,13.41712,0.003567,
2541,7.099214,0.004704,
2542,14.43262,0.004272,
2543,5.884451,0.005559,
2544,13.83123,0.004843,
2545,9.683957,0.003187,
2546,15.22057,0.007336,
2547,12.16472,0.004088,
2548,14.42309,0.003765,
2549,17.14169,0.00607,
2550,11.51708,0.002833,
2551,12.62898,0.005561,
2552,7.983582,0.002513,
2553,17.71932,0.005101,
2554,8.587402,0.004229,
2555,13.27933,0.002209,
2556,13.79882,0.005491,
2557,9.705576,0.00267,
2558,62.28889,0.007571,
2559,10.42987,0.001345,
2560,14.82334,0.002656,
2561,18.36338,0.005896,
2562,2.701478,0.003572,
2563,14.04624,0.003448,
2564,2.556689,0.007419,
2565,9.35839,0.00392,
2566,29.15273,0.007796,
2567,11.67919,0.007153,
2568,12.3458,0.004043,
2569,6.275536,0.008453,
2570,10.76965,0.004497,
2571,11.3337,0.003117,
2572,9.77037,0.003935,
2573,13.26533,0.002679,
2574,8.452962,0.004293,
2575,11.08067,0.00512,
2576,11.5978,0.008434,
2577,11.02834,0.00475,
2578,10.72717,0.005661,
2579,35.27395,0.018203,
2580,12.14357,0.00275,
2581,17.4171,0.002392,
2582,7.495055,0.006683,
2583,13.72205,0.00442,
2584,14.44066,0.005308,
2585,8.20455,0.005489,
2586,6.586568,0.001859,
2587,9.609708,0.004792,
2588,12.16773,0.002491,
2589,2.981441,0.007289,
2590,11.99654,0.003655,
2591,8.436805,0.003596,
2592,12.1398,0.002124,
2593,13.91603,0.004584,
2594,12.97421,0.00382,
2595,6.505796,0.003104,
2596,7.400764,0.006643,
2597,8.822532,0.002794,
2598,8.331827,0.004662,
2599,17.32324,0.003246,
2600,10.02134,0.003541,
2601,14.76581,0.004666,
2602,9.293458,0.005714,
2603,13.50441,0.003327,
2604,10.62354,0.002891,
2605,5.625402,0.002511,
2606,14.06428,0.007753,
2607,11.56465,0.002506,
2608,5.587643,0.007812,
2609,5.63459,0.004188,
2610,13.3511,0.001084,
2611,7.60452,0.004634,
2612,9.547096,0.005046,
2613,13.77759,0.003922,
2614,1.507749,0.008093,
2615,12.42839,0.005673,
2616,2.15855,0.006377,
2617,5.087487,0.005359,
2618,14.73176,0.002657,
2619,11.1655,0.001879,
2620,11.57147,0.00545,
2621,9.979002,0.003895,
2622,11.54271,0.004905,
2623,9.696747,0.003095,
2624,12.28755,0.004519,
2625,12.22628,0.004222,
2626,5.156557,0.004416,
2627,9.429396,0.005735,
2628,8.915243,0.001335,
2629,13.44058,0.003999,
2630,11.10657,0.007153,
2631,10.04701,0.003937,
2632,14.52389,0.008088,
2633,21.78694,0.010195,
2634,9.492072,0.004595,
2635,5.91819,0.004646,
2636,6.64335,0.005437,
2637,9.324921,0.003782,
2638,17.98102,0.00382,
2639,14.04678,0.030329,
2640,16.71289,0.002905,
2641,12.02999,0.003727,
2642,9.413308,0.01202,
2643,6.047766,0.001208,
2644,10.12629,0.004359,
2645,8.814673,0.001292,
2646,15.5703,0.003902,
2647,7.107935,0.004208,
2648,9.972616,0.00592,
2649,10.14942,0.003557,
2650,10.23857,0.003993,
2651,15.90622,0.002016,
2652,15.97999,0.004087,
2653,7.606715,0.002467,
2654,4.444079,0.004368,
2655,16.11238,0.004263,
2656,11.06855,0.008072,
2657,3.976312,0.004417,
2658,19.46813,0.003402,
2659,5.625268,0.007187,
2660,73.29106,0.009682,
2661,9.092814,0.002106,
2662,14.79066,0.003536,
2663,13.1296,0.004042,
2664,13.12945,0.007855,
2665,1.63847,0.014274,
2666,7.286448,0.002039,
2667,13.35961,0.003296,
2668,9.346878,0.003599,
2669,9.246414,0.005498,
2670,114.1685,0.008282,
2671,7.535314,0.003531,
2672,12.53899,0.003818,
2673,1.945461,0.004089,
2674,13.55842,0.005665,
2675,14.30183,0.002373,
2676,3.902875,0.005987,
2677,14.78903,0.005272,
2678,8.266278,0.002476,
2679,11.76552,0.003105,
2680,17.16484,0.003133,
2681,3.245211,0.003451,
2682,12.23457,0.005722,
2683,5.430007,0.004738,
2684,10.69739,0.002553,
2685,16.33002,0.002558,
2686,13.4193,0.003327,
2687,9.27905,0.003388,
2688,15.63138,0.0029,
2689,9.259685,0.002742,
2690,10.51139,0.005287,
2691,14.87693,0.004117,
2692,14.30614,0.004221,
2693,12.04606,0.003247,
2694,13.26836,0.004018,
2695,17.07834,0.003551,
2696,7.981704,0.004198,
2697,5.542624,0.00313,
2698,18.90626,0.005862,
2699,9.754994,0.002938,
2700,17.00134,0.004419,
2701,10.44788,0.001432,
2702,0.981802,0.04866,
2703,14.82822,0.012305,
2704,7.974951,0.004546,
2705,13.89745,0.003756,
2706,10.03832,0.002721,
2707,4.271633,0.007742,
2708,14.12373,0.002263,
2709,9.199425,0.001002,
2710,9.313215,0.008065,
2711,8.933396,0.004179,
2712,9.136185,0.002907,
2713,8.056686,0.004075,
2714,3.460966,0.005297,
2715,12.17624,0.005098,
2716,15.8901,0.004322,
2717,8.570842,0.001984,
2718,11.68116,0.00241,
2719,10.97778,0.002608,
2720,12.87414,0.005916,
2721,11.35902,0.003673,
2722,14.04014,0.002018,
2723,6.930519,0.004112,
2724,7.265895,0.00458,
2725,11.66901,0.014421,
2726,10.80166,0.007879,
2727,8.801027,0.003947,
2728,7.800851,0.002577,
2729,4.345509,0.002964,
2730,9.770401,0.00233,
2731,6.529563,0.002247,
2732,9.786937,0.004291,
2733,8.240137,0.003286,
2734,12.36566,0.002393,
2735,8.679268,0.003067,
2736,1.127857,0.006894,
2737,9.660663,0.004945,
2738,10.86215,0.003462,
2739,15.15205,0.005489,
2740,10.17913,0.002987,
2741,15.93353,0.003616,
2742,14.2947,0.004165,
2743,18.6238,0.004202,
2744,5.068375,0.007191,
2745,7.267991,0.003859,
2746,5.883665,0.004772,
2747,9.128557,0.004055,
2748,19.54559,0.00397,
2749,12.87401,0.005055,
2750,10.0572,0.004199,
2751,9.467196,0.013957,
2752,2.813222,0.009525,
2753,1.360637,0.04391,
2754,11.65101,0.00346,
2755,13.81162,0.003769,
2756,10.57406,0.003488,
2757,13.97149,0.004481,
2758,2.687751,0.004486,
2759,7.427238,0.002594,
2760,8.377073,0.012809,
2761,6.050154,0.001993,
2762,100.5605,0.010842,
2763,72.49878,0.011221,
2764,8.55412,0.003782,
2765,8.563322,0.003369,
2766,15.45348,0.004794,
2767,15.86972,0.003445,
2768,10.27513,0.004553,
2769,7.574,0.006818,
2770,16.70842,0.0044,
2771,8.853627,0.006717,
2772,14.67059,0.002711,
2773,7.086501,0.006015,
2774,11.80673,0.006042,
2775,12.05807,0.005364,
2776,12.23824,0.001222,
2777,16.89617,0.002524,
2778,13.06329,0.007069,
2779,19.51297,0.001988,
2780,5.875334,0.002,
2781,4.642493,0.003865,
2782,14.94738,0.004067,
2783,10.29147,0.003958,
2784,13.20225,0.004558,
2785,7.349927,0.002345,
2786,6.441998,0.005776,
2787,12.63802,0.002702,
2788,15.60014,0.002757,
2789,16.3257,0.004238,
2790,47.93566,0.008555,
2791,9.527859,0.001762,
2792,9.521249,0.002584,
2793,6.994562,0.003332,
2794,16.43195,0.003683,
2795,19.68343,0.003054,
2796,5.727356,0.00397,
2797,14.32042,0.003332,
2798,14.35287,0.003579,
2799,9.939933,0.005076,
2800,15.91751,0.00285,
2801,10.26596,0.005661,
2802,16.98912,0.003053,
2803,13.205,0.002772,
2804,13.24282,0.002823,
2805,7.449449,0.011484,
2806,11.11563,0.003344,
2807,9.363547,0.002771,
2808,10.55078,0.004033,
2809,10.42232,0.002432,
2810,6.733502,0.002467,
2811,11.53297,0.003099,
2812,15.01852,0.003584,
2813,8.883196,0.005881,
2814,13.56971,0.002824,
2815,12.69171,0.001528,
2816,16.09935,0.006339,
2817,15.72387,0.004112,
2818,12.20026,0.004522,
2819,6.164196,0.003777,
2820,6.635433,0.003295,
2821,14.04449,0.003744,
2822,12.31397,0.003781,
2823,8.869877,0.00272,
2824,8.881753,0.001147,
2825,12.88722,0.003342,
2826,2.548236,0.005791,
2827,12.86502,0.003312,
2828,13.14496,0.002977,
2829,3.763429,0.003957,
2830,9.05697,0.003443,
2831,14.35308,0.003443,
2832,2.341002,0.010871,
2833,7.696318,0.004288,
2834,11.9353,0.003524,
2835,11.98589,0.003947,
2836,13.77873,0.004622,
2837,18.3395,0.004437,
2838,10.08344,0.001647,
2839,14.10695,0.006188,
2840,9.754696,0.023314,
2841,10.82355,0.005171,
2842,13.34116,0.005629,
2843,12.89933,0.003205,
2844,7.940399,0.00504,
2845,8.222532,0.00291,
2846,4.168333,0.004218,
2847,6.202196,0.004071,
2848,4.242748,0.007152,
2849,14.38655,0.005855,
2850,12.65621,0.00356,
2851,4.745324,0.006587,
2852,13.51881,0.003683,
2853,6.65316,0.005764,
2854,9.473322,0.001323,
2855,12.3243,0.003732,
2856,7.433962,0.005122,
2857,12.33175,0.004715,
2858,12.1708,0.006329,
2859,10.23763,0.005291,
2860,5.87763,0.008449,
2861,15.50398,0.009938,
2862,6.537014,0.004597,
2863,13.93588,0.004414,
2864,13.29331,0.005803,
2865,12.81909,0.005691,
2866,14.07732,0.003899,
2867,12.12759,0.004624,
2868,6.549776,0.005689,
2869,9.304816,0.002803,
2870,13.81286,0.001479,
2871,10.53301,0.004454,
2872,6.23264,0.007388,
2873,9.865139,0.006318,
2874,11.90361,0.00601,
2875,10.68915,0.003082,
2876,7.057873,0.002535,
2877,9.72402,0.000972,
2878,11.12797,0.00347,
2879,6.675315,0.004949,
2880,7.345224,0.0045,
2881,12.74099,0.004704,
2882,10.73112,0.004439,
2883,13.03271,0.003693,
2884,11.49622,0.004549,
2885,12.56863,0.004862,
2886,5.78664,0.004182,
2887,6.400254,0.006057,
2888,12.88709,0.003079,
2889,2.387976,0.018826,
2890,4.39118,0.062094,
2891,0.773486,0.013358,
2892,8.212679,0.003543,
2893,8.120403,0.002564,
2894,2.892994,0.006732,
2895,15.75972,0.003366,
2896,16.06231,0.004115,
2897,12.84043,0.002709,
2898,16.18541,0.003031,
2899,9.75998,0.004181,
2900,14.81025,0.003712,
2901,9.093997,0.004109,
2902,6.784069,0.003962,
2903,11.65427,0.003643,
2904,11.85911,0.006346,
2905,8.355432,0.002151,
2906,9.847762,0.002411,
2907,10.79912,0.002608,
2908,10.92556,0.005516,
2909,9.15898,0.005558,
2910,17.10049,0.006545,
2911,13.20138,0.002927,
2912,10.96104,0.003805,
2913,12.03961,0.004163,
2914,9.915973,0.004586,
2915,6.776634,0.003225,
2916,8.506742,0.005895,
2917,5.791292,0.005144,
2918,6.183258,0.005419,
2919,7.712353,0.004993,
2920,14.6648,0.002975,
2921,8.858377,0.004033,
2922,14.55717,0.005267,
2923,11.55042,0.005412,
2924,12.24772,0.006165,
2925,3.903513,0.023957,
2926,1.058627,0.01442,
2927,11.12896,0.003623,
2928,13.41468,0.004119,
2929,14.31455,0.001517,
2930,7.157894,0.005437,
2931,16.38364,0.004431,
2932,16.0212,0.002894,
2933,5.346706,0.010422,
2934,14.33534,0.00334,
2935,2.235769,0.00633,
2936,10.80095,0.017043,
2937,13.03126,0.002989,
2938,10.36753,0.002685,
2939,15.95504,0.00386,
2940,7.496687,0.003066,
2941,12.78176,0.003,
2942,15.05896,0.006807,
2943,11.27782,0.006538,
2944,4.384772,0.004582,
2945,13.36329,0.004872,
2946,8.081421,0.003464,
2947,14.70124,0.00557,
2948,11.9519,0.002839,
2949,9.677447,0.003812,
2950,9.029744,0.007796,
2951,8.018662,0.006011,
2952,16.83326,0.00463,
2953,29.13186,0.006172,
2954,12.78775,0.00411,
2955,13.12351,0.004023,
2956,7.605211,0.00308,
2957,9.38037,0.006285,
2958,11.96724,0.00588,
2959,17.69926,0.00744,
2960,14.91026,0.005379,
2961,11.17109,0.004266,
2962,7.269963,0.002518,
2963,14.21619,0.004168,
2964,6.813496,0.002597,
2965,16.27824,0.003778,
2966,11.61982,0.006561,
2967,8.337952,0.005533,
2968,11.11055,0.002945,
2969,17.90972,0.004959,
2970,11.11165,0.003751,
2971,17.13158,0.003328,
2972,5.385823,0.005229,
2973,15.18775,0.003129,
2974,15.68557,0.003266,
2975,14.72872,0.003555,
2976,15.66292,0.001937,
2977,12.54226,0.022408,
2978,10.50132,0.003586,
2979,13.17479,0.004206,
2980,11.72405,0.001948,
2981,15.53191,0.004759,
2982,6.397122,0.005294,
2983,9.00226,0.003071,
2984,5.85998,0.007367,
2985,7.424683,0.002905,
2986,3.132596,0.003835,
2987,6.076885,0.00374,
2988,4.458592,0.014828,
2989,14.61624,0.006147,
2990,4.963072,0.005113,
2991,10.96924,0.002928,
2992,11.90235,0.004102,
2993,2.109634,0.0037,
2994,1.514249,0.009245,
2995,13.83486,0.003371,
2996,14.54174,0.004696,
2997,4.380129,0.005834,
2998,13.51832,0.004128,
2999,2.393262,0.021937,
3000,13.47226,0.002941,
3001,12.51646,0.002431,
3002,15.95253,0.003209,
3003,17.09932,0.006385,
3004,11.32199,0.003096,
3005,4.471258,0.003618,
3006,15.70066,0.002902,
3007,7.53345,0.004036,
3008,11.23927,0.002907,
3009,12.12497,0.002734,
3010,16.78775,0.004591,
3011,7.611098,0.014797,
3012,13.08801,0.004913,
3013,15.06079,0.002512,
3014,11.33431,0.003545,
3015,10.79468,0.003951,
3016,9.447518,0.004327,
3017,10.36943,0.003594,
3018,11.56588,0.005966,
3019,13.3542,0.003109,
3020,9.327152,0.007,
3021,14.48717,0.003578,
3022,10.37096,0.00346,
3023,12.78203,0.00262,
3024,10.73671,0.006082,
3025,16.64599,0.00397,
3026,8.627145,0.004851,
3027,4.886234,0.006551,
3028,7.444128,0.003147,
3029,14.04367,0.003059,
3030,3.635735,0.003145,
3031,14.36647,0.004192,
3032,21.75524,0.008057,
3033,5.989035,0.003449,
3034,12.09235,0.001978,
3035,4.273252,0.004925,
3036,8.953742,0.005004,
3037,5.310526,0.002761,
3038,4.304677,0.004057,
3039,8.554996,0.005392,
3040,21.22264,0.014994,
3041,7.47501,0.002431,
3042,10.87669,0.004331,
3043,6.47057,0.002458,
3044,14.708,0.001492,
3045,14.27475,0.003051,
3046,3.788192,0.006829,
3047,7.584217,0.003769,
3048,13.88878,0.003351,
3049,8.261913,0.004782,
3050,14.8099,0.004219,
3051,5.328128,0.005823,
3052,10.10159,0.00336,
3053,8.509672,0.003845,
3054,9.107222,0.002372,
3055,7.473355,0.005333,
3056,11.55823,0.003096,
3057,7.537369,0.004019,
3058,7.421702,0.004004,
3059,5.498654,0.004298,
3060,14.92474,0.004454,
3061,10.10908,0.002841,
3062,11.66793,0.003293,
3063,10.00537,0.003929,
3064,15.98893,0.007734,
3065,9.949211,0.001654,
3066,6.273606,0.004002,
3067,13.73622,0.005496,
3068,12.85372,0.003228,
3069,3.599543,0.002642,
3070,8.579671,0.001788,
3071,8.982224,0.003422,
3072,10.07055,0.004152,
3073,2.416896,0.002471,
3074,4.819411,0.004361,
3075,8.472358,0.005837,
3076,12.18106,0.003252,
3077,0.603156,0.002773,
3078,14.4146,0.004294,
3079,14.42224,0.007976,
3080,11.0135,0.005842,
3081,13.52227,0.011403,
3082,11.52346,0.003468,
3083,15.08574,0.002989,
3084,4.860728,0.004951,
3085,3.268866,0.002481,
3086,8.70087,0.004888,
3087,13.47192,0.005344,
3088,9.88422,0.00476,
3089,8.937969,0.005695,
3090,6.581244,0.004173,
3091,4.865211,0.034089,
3092,5.339893,0.002947,
3093,9.537387,0.003509,
3094,10.6993,0.004001,
3095,10.9654,0.00413,
3096,8.302541,0.002178,
3097,10.26726,0.00553,
3098,10.25221,0.004107,
3099,11.51138,0.003133,
3100,11.54985,0.001716,
3101,9.899433,0.004394,
3102,11.02076,0.003465,
3103,13.24741,0.006059,
3104,12.1569,0.003172,
3105,2.285663,0.03231,
3106,11.86329,0.002901,
3107,6.307059,0.004798,
3108,14.70771,0.018403,
3109,12.6712,0.004505,
3110,9.151792,0.004202,
3111,10.325,0.00425,
3112,10.8725,0.000817,
3113,11.71232,0.00497,
3114,9.148446,0.002051,
3115,11.33535,0.002783,
3116,10.25899,0.005894,
3117,11.23838,0.00204,
3118,8.004549,0.003682,
3119,12.64517,0.003036,
3120,9.929211,0.002902,
3121,12.62564,0.0052,
3122,19.68611,0.008426,
3123,6.087305,0.007574,
3124,12.54692,0.005321,
3125,12.46178,0.004256,
3126,8.663172,0.005556,
3127,14.3136,0.004459,
3128,7.748273,0.004436,
3129,14.4609,0.004284,
3130,9.616762,0.005665,
3131,16.9485,0.003463,
3132,16.18703,0.006167,
3133,2.417067,0.018502,
3134,4.864664,0.004657,
3135,13.43113,0.003008,
3136,13.15122,0.007549,
3137,14.5656,0.006678,
3138,10.81895,0.007457,
3139,13.12927,0.003931,
3140,8.236683,0.004021,
3141,3.361083,0.011741,
3142,21.30762,0.004656,
3143,9.182701,0.003189,
3144,8.99504,0.003735,
3145,8.867354,0.003545,
3146,3.159826,0.00334,
3147,15.29114,0.00223,
3148,13.46715,0.005983,
3149,5.890974,0.003601,
3150,7.790759,0.001345,
3151,11.13319,0.003946,
3152,16.53297,0.004722,
3153,11.09651,0.001056,
3154,2.818213,0.002948,
3155,18.43474,0.003891,
3156,11.26006,0.00242,
3157,13.68057,0.004698,
3158,12.6166,0.003314,
3159,7.328083,0.004949,
3160,9.428432,0.002312,
3161,13.20193,0.004665,
3162,6.000933,0.006603,
3163,14.75727,0.002072,
3164,14.90549,0.002597,
3165,13.81538,0.009745,
3166,6.063201,0.005802,
3167,20.41939,0.005862,
3168,12.05595,0.003861,
3169,6.99442,0.004572,
3170,13.19195,0.003936,
3171,15.74678,0.00571,
3172,12.02418,0.005455,
3173,9.729122,0.002786,
3174,8.314078,0.004089,
3175,8.621833,0.003679,
3176,5.827684,0.002625,
3177,9.57116,0.002773,
3178,12.25256,0.003892,
3179,11.04098,0.003838,
3180,11.91749,0.0026,
3181,12.31027,0.003221,
3182,13.03346,0.002794,
3183,6.105709,0.005058,
3184,8.25964,0.003094,
3185,6.443678,0.011177,
3186,1.651477,0.022298,
3187,9.752732,0.002996,
3188,9.723222,0.001608,
3189,7.176945,0.007052,
3190,10.02112,0.005499,
3191,16.81267,0.006655,
3192,6.49591,0.002898,
3193,12.49394,0.037636,
3194,11.83511,0.009521,
3195,4.095859,0.004789,
3196,6.458168,0.003719,
3197,11.29599,0.003088,
3198,16.95074,0.004285,
3199,6.181901,0.001339,
3200,9.834669,0.003437,
3201,13.97964,0.003101,
3202,13.32155,0.00408,
3203,9.179661,0.002945,
3204,11.6806,0.005144,
3205,11.93828,0.003839,
3206,5.805961,0.005605,
3207,16.02851,0.007206,
3208,10.10787,0.004872,
3209,8.75086,0.00334,
3210,10.38828,0.00257,
3211,7.82028,0.00558,
3212,8.418906,0.003884,
3213,6.884959,0.004454,
3214,11.81937,0.003029,
3215,12.31591,0.003384,
3216,14.89601,0.004004,
3217,4.70211,0.005252,
3218,13.46064,0.003136,
3219,9.894705,0.004658,
3220,9.847135,0.004219,
3221,10.44311,0.003635,
3222,10.79861,0.006269,
3223,12.52289,0.003955,
3224,12.13495,0.004533,
3225,11.80127,0.002282,
3226,8.412083,0.006178,
3227,11.32508,0.006192,
3228,13.45253,0.003636,
3229,4.988563,0.004383,
3230,15.47985,0.002319,
3231,6.026004,0.002154,
3232,11.00911,0.002651,
3233,6.257067,0.004202,
3234,14.24584,0.005209,
3235,13.91205,0.003245,
3236,3.03527,0.004048,
3237,16.26764,0.002853,
3238,9.276114,0.003606,
3239,10.29055,0.005036,
3240,12.04554,0.006344,
3241,20.20277,0.012665,
3242,10.85513,0.003521,
3243,9.12333,0.003599,
3244,13.0113,0.002203,
3245,9.252142,0.005148,
3246,9.346953,0.001723,
3247,11.46427,0.005653,
3248,16.94763,0.004345,
3249,8.110399,0.002603,
3250,14.44649,0.004314,
3251,10.73865,0.017142,
3252,13.74679,0.006197,
3253,0.434365,0.024741,
3254,7.326469,0.097371,
3255,7.076592,0.003265,
3256,9.646861,0.004392,
3257,3.787443,0.004387,
3258,15.42494,0.005919,
3259,5.28793,0.005277,
3260,13.52311,0.003214,
3261,8.275354,0.00163,
3262,9.007764,0.006991,
3263,9.371996,0.002965,
3264,13.51308,0.003881,
3265,9.107246,0.004558,
3266,11.42357,0.004041,
3267,13.43529,0.002213,
3268,11.33227,0.005413,
3269,3.709711,0.003139,
3270,8.413252,0.003989,
3271,10.68323,0.003335,
3272,16.22893,0.00212,
3273,7.743021,0.001834,
3274,6.454534,0.004831,
3275,9.994271,0.002125,
3276,14.38718,0.003771,
3277,12.80407,0.003603,
3278,3.406534,0.01925,
3279,13.03201,0.007904,
3280,14.89344,0.003476,
3281,10.60684,0.0039,
3282,9.30131,0.006238,
3283,5.103821,0.004284,
3284,13.36122,0.005342,
3285,19.45029,0.005736,
3286,12.91775,0.002779,
3287,7.114326,0.003922,
3288,13.44521,0.003391,
3289,8.597398,0.002995,
3290,1.949056,0.014691,
3291,14.19744,0.004775,
3292,9.887974,0.003667,
3293,6.585883,0.003207,
3294,13.03664,0.004648,
3295,2.979517,0.004601,
3296,12.61533,0.003091,
3297,11.28452,0.00303,
3298,7.279253,0.003666,
3299,13.31936,0.006764,
3300,7.735844,0.00157,
3301,8.969007,0.003204,
3302,11.18398,0.00278,
3303,10.59927,0.0058,
3304,16.62105,0.002622,
3305,5.237947,0.005115,
3306,11.75396,0.002435,
3307,12.11238,0.004028,
3308,11.73727,0.004094,
3309,16.18055,0.005002,
3310,1.145713,0.021955,
3311,11.2116,0.001988,
3312,7.274108,0.006982,
3313,11.93772,0.003639,
3314,1.122994,0.099994,
3315,1.977384,0.01413,
3316,14.40134,0.002212,
3317,12.90191,0.007637,
3318,6.625884,0.004642,
3319,11.61583,0.003026,
3320,14.82285,0.005956,
3321,6.590981,0.003058,
3322,8.959074,0.002945,
3323,16.25857,0.006832,
3324,15.30665,0.004237,
3325,9.422724,0.003126,
3326,14.487,0.003149,
3327,8.809876,0.004469,
3328,8.701831,0.00443,
3329,9.64811,0.006927,
3330,14.15657,0.003301,
3331,12.23824,0.003535,
3332,12.81324,0.004511,
3333,8.740466,0.003835,
3334,13.35733,0.003647,
3335,11.87771,0.008414,
3336,12.83061,0.006856,
3337,6.726597,0.003925,
3338,12.31576,0.006479,
3339,18.20485,0.005612,
3340,16.70719,0.007463,
3341,11.46705,0.003879,
3342,11.66049,0.002151,
3343,9.972933,0.002291,
3344,13.28925,0.004284,
3345,9.452529,0.004043,
3346,14.80966,0.007551,
3347,15.70775,0.003171,
3348,9.345175,0.00414,
3349,14.17853,0.004478,
3350,9.820189,0.006802,
3351,8.748344,0.003364,
3352,14.14339,0.007937,
3353,6.382262,0.003698,
3354,11.78062,0.005353,
3355,8.831697,0.000827,
3356,8.634057,0.003087,
3357,15.9305,0.003686,
3358,1.889114,0.044336,
3359,15.74028,0.004706,
3360,12.14934,0.004676,
3361,11.71113,0.002694,
3362,10.53847,0.001091,
3363,10.71287,0.003631,
3364,12.02027,0.002856,
3365,6.357373,0.004845,
3366,1.365022,0.045854,
3367,9.223256,0.004593,
3368,7.904014,0.004654,
3369,6.007962,0.003534,
3370,12.01776,0.006719,
3371,12.32132,0.004705,
3372,7.281286,0.003298,
3373,13.75423,0.005105,
3374,8.496148,0.005889,
3375,7.835177,0.016934,
3376,9.636724,0.002913,
3377,13.91761,0.007082,
3378,7.535661,0.005378,
3379,13.14286,0.005965,
3380,1.488954,0.04466,
3381,6.417693,0.008641,
3382,13.03334,0.00223,
3383,7.009152,0.002643,
3384,10.4161,0.004928,
3385,7.802447,0.002881,
3386,12.94132,0.003224,
3387,8.877679,0.002688,
3388,8.275562,0.004715,
3389,12.16676,0.003476,
3390,1.125456,0.014345,
3391,12.14769,0.002021,
3392,10.88178,0.003737,
3393,19.42065,0.00357,
3394,8.776858,0.004868,
3395,12.62636,0.005159,
3396,10.82826,0.003929,
3397,9.000104,0.002943,
3398,15.49266,0.005795,
3399,9.485238,0.006218,
3400,7.5455,0.003134,
3401,10.01972,0.004853,
3402,10.18307,0.003783,
3403,3.668988,0.003532,
3404,3.349274,0.012621,
3405,3.149049,0.003115,
3406,12.54685,0.008349,
3407,13.63055,0.003459,
3408,5.539647,0.003992,
3409,7.753046,0.005174,
3410,4.774259,0.003198,
3411,11.08643,0.003971,
3412,17.34319,0.002598,
3413,15.10671,0.003956,
3414,9.979833,0.002444,
3415,9.453079,0.004784,
3416,15.85267,0.009197,
3417,9.599351,0.008867,
3418,12.28103,0.005006,
3419,4.964969,0.011465,
3420,7.857666,0.005763,
3421,15.04732,0.005779,
3422,13.8692,0.004873,
3423,1.115546,0.052758,
3424,16.07511,0.010296,
3425,25.06234,0.014947,
3426,7.252246,0.002394,
3427,1.886355,0.013935,
3428,3.308404,0.00301,
3429,11.25842,0.005775,
3430,24.35962,0.003002,
3431,6.439509,0.004055,
3432,13.81404,0.004162,
3433,10.26622,0.008314,
3434,2.758792,0.033562,
3435,9.117235,0.004367,
3436,10.38833,0.002797,
3437,10.08464,0.00544,
3438,8.491186,0.007306,
3439,14.1637,0.00247,
3440,8.900921,0.002943,
3441,14.56289,0.00566,
3442,3.344333,0.003762,
3443,8.62156,0.006991,
3444,16.98919,0.004624,
3445,9.153851,0.003571,
3446,12.75596,0.009368,
3447,10.80493,0.002714,
3448,14.01694,0.004123,
3449,12.56175,0.004879,
3450,11.94842,0.006897,
3451,14.48387,0.003156,
3452,12.68225,0.003574,
3453,6.868963,0.002208,
3454,9.967893,0.003888,
3455,7.903644,0.002932,
3456,11.23697,0.003672,
3457,16.98747,0.006027,
3458,14.11186,0.004717,
3459,13.63593,0.004612,
3460,7.338571,0.004291,
3461,15.87106,0.005087,
3462,44.10023,0.028586,
3463,5.255976,0.004718,
3464,2.557396,0.010182,
3465,0.575621,0.01492,
3466,9.066301,0.006818,
3467,17.33312,0.003201,
3468,8.038923,0.003957,
3469,13.7564,0.004097,
3470,11.90799,0.007066,
3471,9.27587,0.005491,
3472,10.66237,0.004473,
3473,7.710012,0.002978,
3474,16.31092,0.006428,
3475,12.16108,0.004202,
3476,8.726831,0.003344,
3477,17.36451,0.004559,
3478,13.56951,0.004572,
3479,10.19009,0.006285,
3480,9.465577,0.001437,
3481,12.47758,0.002708,
3482,11.73519,0.004296,
3483,8.304346,0.003521,
3484,7.293189,0.003952,
3485,9.478443,0.004967,
3486,1.091045,0.003161,
3487,9.99292,0.003696,
3488,10.16908,0.003612,
3489,6.92645,0.003272,
3490,14.22631,0.005901,
3491,3.697707,0.003746,
3492,73.80425,0.009156,
3493,23.78229,0.008594,
3494,9.913338,0.003525,
3495,10.74003,0.007397,
3496,2.012708,0.010997,
3497,17.61081,0.003821,
3498,8.113388,0.003413,
3499,4.800907,0.004772,
3500,14.17639,0.005452,
3501,6.658383,0.015281,
3502,5.604001,0.013743,
3503,6.743046,0.005295,
3504,10.4453,0.001785,
3505,10.95408,0.004576,
3506,5.495836,0.003971,
3507,10.59138,0.002377,
3508,11.80135,0.002602,
3509,10.59522,0.004102,
3510,4.664395,0.002837,
3511,104.1785,0.010038,
3512,11.0093,0.002739,
3513,14.43936,0.00341,
3514,9.784006,0.000969,
3515,12.69593,0.003516,
3516,6.003293,0.003329,
3517,15.91572,0.002968,
3518,3.830284,0.007362,
3519,6.491333,0.004204,
3520,11.72304,0.002686,
3521,12.71269,0.005433,
3522,1.600415,0.042668,
3523,17.02574,0.005025,
3524,6.724994,0.00293,
3525,13.84555,0.004049,
3526,6.65477,0.00411,
3527,12.83441,0.002215,
3528,4.854394,0.004337,
3529,9.895103,0.003886,
3530,12.18076,0.002549,
3531,7.646467,0.003249,
3532,9.402005,0.00896,
3533,17.16338,0.005658,
3534,14.09792,0.002664,
3535,8.56183,0.004207,
3536,4.229433,0.008268,
3537,11.37728,0.003158,
3538,13.96748,0.005181,
3539,6.367098,0.004692,
3540,8.514099,0.002929,
3541,11.72365,0.003555,
3542,7.349239,0.005318,
3543,7.075562,0.00262,
3544,6.648521,0.006439,
3545,7.182744,0.005314,
3546,10.4589,0.003593,
3547,14.67351,0.003961,
3548,15.20523,0.003875,
3549,11.00263,0.004541,
3550,7.944847,0.002717,
3551,13.00879,0.004794,
3552,9.475738,0.003148,
3553,6.544452,0.003105,
3554,9.12907,0.003501,
3555,7.198381,0.004923,
3556,10.21118,0.002918,
3557,17.7333,0.003758,
3558,6.16801,0.003126,
3559,2.746926,0.054832,
3560,9.710062,0.003816,
3561,17.84147,0.003417,
3562,8.534271,0.004387,
3563,15.77049,0.003403,
3564,14.67149,0.004424,
3565,10.10871,0.006542,
3566,13.48405,0.005604,
3567,15.61481,0.003521,
3568,8.107106,0.003009,
3569,13.3858,0.003595,
3570,12.63251,0.001996,
3571,9.512404,0.003572,
3572,3.806776,0.004756,
3573,11.4593,0.003169,
3574,2.673842,0.002918,
3575,10.15565,0.004312,
3576,17.06056,0.006463,
3577,10.23022,0.001761,
3578,13.68765,0.002837,
3579,10.08725,0.00267,
3580,11.09904,0.003169,
3581,15.53547,0.002943,
3582,4.980157,0.002323,
3583,15.05155,0.003052,
3584,13.05169,0.003798,
3585,10.30551,0.003909,
3586,5.220762,0.003097,
3587,14.02072,0.004103,
3588,5.002719,0.007525,
3589,11.94798,0.004572,
3590,9.081095,0.003037,
3591,14.52224,0.002838,
3592,13.4659,0.003769,
3593,7.494291,0.004772,
3594,12.4063,0.010404,
3595,15.09793,0.003599,
3596,7.168171,0.00279,
3597,11.476,0.004901,
3598,12.00094,0.002366,
3599,6.034359,0.004123,
3600,8.383239,0.003732,
3601,11.6961,0.003034,
3602,7.376165,0.009265,
3603,18.03586,0.006142,
3604,8.433884,0.002908,
3605,9.390972,0.001188,
3606,7.642021,0.004919,
3607,10.20843,0.003754,
3608,9.363715,0.006545,
3609,13.98047,0.005079,
3610,8.752817,0.006017,
3611,1.993368,0.01961,
3612,13.04544,0.008114,
3613,13.56739,0.00342,
3614,9.710741,0.003887,
3615,9.753036,0.00325,
3616,4.139912,0.006467,
3617,13.9125,0.004467,
3618,9.750335,0.005124,
3619,6.55897,0.003719,
3620,16.3199,0.002115,
3621,11.68163,0.007849,
3622,8.336333,0.004582,
3623,15.94099,0.002899,
3624,9.697905,0.002712,
3625,6.396674,0.004911,
3626,1.876496,0.017185,
3627,10.86924,0.004205,
3628,12.37319,0.004411,
3629,10.90875,0.002575,
3630,9.402871,0.005146,
3631,7.883201,0.002469,
3632,4.727012,0.004993,
3633,14.24588,0.004867,
3634,14.93522,0.005509,
3635,12.49186,0.002406,
3636,14.44893,0.007055,
3637,13.6583,0.006433,
3638,7.864867,0.003491,
3639,13.95779,0.006926,
3640,10.83661,0.003288,
3641,15.50204,0.004722,
3642,7.557878,0.002287,
3643,9.279039,0.004376,
3644,14.77359,0.005371,
3645,8.822208,0.003223,
3646,4.735877,0.005428,
3647,17.27355,0.003527,
3648,9.815543,0.002585,
3649,7.284529,0.002729,
3650,5.311931,0.003928,
3651,10.14835,0.001182,
3652,11.81458,0.00325,
3653,10.12424,0.001642,
3654,13.08808,0.003858,
3655,15.95523,0.010244,
3656,12.69805,0.009724,
3657,12.54196,0.00326,
3658,13.90713,0.002287,
3659,12.20091,0.007568,
3660,3.997144,0.002637,
3661,10.19507,0.001716,
3662,19.55359,0.008628,
3663,18.48556,0.002704,
3664,12.80813,0.007203,
3665,17.32832,0.005904,
3666,16.39262,0.023181,
3667,9.586206,0.004972,
3668,8.526222,0.003237,
3669,19.22526,0.004497,
3670,4.213295,0.004737,
3671,15.32846,0.004869,
3672,14.72162,0.004163,
3673,4.179591,0.006561,
3674,15.78037,0.006263,
3675,14.80957,0.006627,
3676,13.75151,0.003781,
3677,11.83992,0.003905,
3678,18.51506,0.002901,
3679,12.28808,0.004109,
3680,7.781949,0.004477,
3681,0.697968,0.047492,
3682,4.973161,0.004688,
3683,14.15946,0.004813,
3684,17.14162,0.001913,
3685,8.383656,0.003159,
3686,8.355022,0.002139,
3687,8.378161,0.00446,
3688,14.26177,0.008142,
3689,12.90073,0.001633,
3690,10.33812,0.004746,
3691,16.93942,0.004492,
3692,12.61126,0.004373,
3693,6.651239,0.003598,
3694,13.07735,0.005018,
3695,15.47884,0.004696,
3696,15.12551,0.003142,
3697,11.74513,0.003106,
3698,13.33265,0.004207,
3699,16.47187,0.00415,
3700,13.31122,0.002841,
3701,10.27748,0.003046,
3702,16.23918,0.002902,
3703,4.811892,0.01341,
3704,11.30176,0.004602,
3705,10.42689,0.00945,
3706,3.349997,0.002298,
3707,2.584091,0.001736,
3708,9.576419,0.004619,
3709,6.153636,0.00388,
3710,2.116502,0.009036,
3711,18.4232,0.003111,
3712,12.56953,0.002241,
3713,3.961353,0.003736,
3714,7.506123,0.004449,
3715,4.480945,0.004769,
3716,14.99943,0.00757,
3717,14.33785,0.003884,
3718,6.40195,0.003834,
3719,14.63875,0.003916,
3720,26.49071,0.014938,
3721,19.07617,0.003437,
3722,13.15669,0.003082,
3723,8.394405,0.002837,
3724,4.94495,0.003872,
3725,12.0342,0.001533,
3726,7.104153,0.004564,
3727,7.934987,0.005585,
3728,9.696173,0.00211,
3729,8.03083,0.004813,
3730,13.73081,0.002636,
3731,9.3595,0.003313,
3732,12.53741,0.004654,
3733,10.64954,0.004354,
3734,8.294686,0.002818,
3735,6.744832,0.002839,
3736,9.271106,0.005812,
3737,8.559361,0.003428,
3738,5.392106,0.005054,
3739,13.29405,0.003799,
3740,10.53458,0.006211,
3741,17.63982,0.003351,
3742,9.851421,0.002822,
3743,8.747452,0.002005,
3744,1.764576,0.036267,
3745,2.55765,0.017684,
3746,7.80808,0.001526,
3747,8.87852,0.002814,
3748,6.229057,0.002474,
3749,19.68474,0.009248,
3750,11.87506,0.004434,
3751,12.48706,0.002941,
3752,12.4654,0.00405,
3753,5.438302,0.003214,
3754,8.099627,0.003228,
3755,13.01298,0.004901,
3756,13.9118,0.002944,
3757,9.091046,0.006807,
3758,10.54406,0.005547,
3759,14.44483,0.00309,
3760,16.25435,0.004694,
3761,14.78551,0.004337,
3762,14.00076,0.010281,
3763,5.900909,0.005365,
3764,9.020418,0.00584,
3765,11.22029,0.004375,
3766,5.159203,0.002872,
3767,13.78733,0.004065,
3768,14.18021,0.002301,
3769,9.657329,0.003294,
3770,6.249012,0.003752,
3771,10.99373,0.003772,
3772,10.61431,0.004988,
3773,15.85037,0.007033,
3774,14.13168,0.002784,
3775,14.44023,0.002581,
3776,13.77031,0.008188,
3777,3.790687,0.00423,
3778,8.847575,0.00395,
3779,8.505005,0.004845,
3780,4.463362,0.00258,
3781,2.659538,0.023299,
3782,13.25402,0.004167,
3783,7.739841,0.003606,
3784,17.47269,0.002895,
3785,9.187427,0.004475,
3786,16.64584,0.002761,
3787,9.10624,0.00465,
3788,7.00718,0.001813,
3789,10.06462,0.00447,
3790,9.997671,0.004174,
3791,13.95221,0.003765,
3792,9.069223,0.005168,
3793,13.78143,0.00363,
3794,12.45988,0.004918,
3795,10.98591,0.002519,
3796,12.05687,0.003362,
3797,8.898326,0.004288,
3798,16.69194,0.003078,
3799,4.863972,0.004557,
3800,8.685602,0.003262,
3801,8.696485,0.004815,
3802,1.74376,0.043653,
3803,12.91592,0.003532,
3804,9.731226,0.004299,
3805,6.96224,0.005179,
3806,7.267033,0.008916,
3807,5.298286,0.004168,
3808,10.58757,0.005981,
3809,13.06618,0.002859,
3810,6.084964,0.004286,
3811,14.71832,0.005027,
3812,14.29833,0.019509,
3813,4.827906,0.003045,
3814,9.896669,0.003384,
3815,12.69818,0.002176,
3816,13.83248,0.00271,
3817,7.388504,0.001848,
3818,9.77407,0.006197,
3819,18.13983,0.003758,
3820,10.35119,0.006876,
3821,7.316296,0.004373,
3822,6.066266,0.005994,
3823,10.47995,0.000867,
3824,7.956379,0.005468,
3825,15.631,0.003891,
3826,6.345519,0.003942,
3827,18.57316,0.004835,
3828,11.65694,0.002108,
3829,7.720991,0.004411,
3830,9.860196,0.004815,
3831,12.41012,0.004353,
3832,15.13559,0.005003,
3833,10.22979,0.004064,
3834,15.45699,0.003258,
3835,10.27532,0.003523,
3836,1.434559,0.015543,
3837,6.502048,0.00158,
3838,6.630206,0.004013,
3839,7.170664,0.005395,
3840,5.488549,0.0038,
3841,13.80044,0.004765,
3842,8.749096,0.003144,
3843,8.506889,0.004458,
3844,16.34075,0.002171,
3845,5.512706,0.003844,
3846,17.63051,0.005107,
3847,13.48388,0.002111,
3848,4.910765,0.004232,
3849,10.63294,0.002615,
3850,5.173587,0.00472,
3851,5.788355,0.004704,
3852,9.636208,0.00328,
3853,6.280701,0.002942,
3854,5.678477,0.005065,
3855,7.530136,0.004461,
3856,9.672641,0.004165,
3857,11.15484,0.002174,
3858,12.31343,0.004996,
3859,2.525732,0.02301,
3860,14.49661,0.007196,
3861,4.600652,0.004705,
3862,5.279475,0.007568,
3863,6.046853,0.003438,
3864,17.16348,0.004902,
3865,6.855935,0.004033,
3866,10.39066,0.004823,
3867,2.225065,0.017585,
3868,1.246087,0.034155,
3869,9.931676,0.005299,
3870,6.942035,0.001005,
3871,6.820146,0.003564,
3872,14.41917,0.002247,
3873,16.00704,0.003222,
3874,9.872331,0.0034,
3875,11.23901,0.003732,
3876,9.134035,0.001382,
3877,10.81885,0.004839,
3878,9.141508,0.005392,
3879,14.02334,0.002399,
3880,1.297475,0.030776,
3881,12.0745,0.00887,
3882,14.78723,0.004293,
3883,11.39078,0.003271,
3884,14.27974,0.00218,
3885,12.21235,0.003593,
3886,15.67647,0.003768,
3887,4.768863,0.003434,
3888,11.72365,0.003818,
3889,7.162172,0.004636,
3890,12.294,0.002271,
3891,10.89291,0.002805,
3892,6.986154,0.001997,
3893,7.068501,0.001724,
3894,12.28039,0.00626,
3895,16.39782,0.005591,
3896,14.88545,0.0026,
3897,14.84637,0.004393,
3898,9.439794,0.005867,
3899,10.97185,0.006569,
3900,17.29387,0.007096,
3901,4.751582,0.003303,
3902,11.13129,0.003457,
3903,15.05045,0.003635,
3904,10.74153,0.011124,
3905,16.91923,0.001545,
3906,16.27616,0.002942,
3907,6.984426,0.003691,
3908,7.851032,0.002742,
3909,2.536789,0.004115,
3910,11.38456,0.011867,
3911,13.675,0.008477,
3912,8.716136,0.009511,
3913,17.92317,0.004514,
3914,14.02356,0.00315,
3915,11.71672,0.004069,
3916,15.7478,0.006181,
3917,15.20934,0.007991,
3918,8.732191,0.002643,
3919,11.68638,0.004291,
3920,8.497975,0.002318,
3921,22.48987,0.009756,
3922,15.70117,0.003166,
3923,7.901092,0.00185,
3924,11.04772,0.003709,
3925,11.63318,0.004644,
3926,12.81219,0.004162,
3927,13.0392,0.002757,
3928,4.46334,0.00874,
3929,9.022444,0.003171,
3930,8.283928,0.002031,
3931,18.30559,0.003481,
3932,9.759083,0.005568,
3933,9.671646,0.00431,
3934,10.31188,0.002631,
3935,7.842759,0.00327,
3936,13.88615,0.004696,
3937,4.093846,0.006958,
3938,18.00536,0.00609,
3939,13.83433,0.002439,
3940,8.789003,0.003797,
3941,13.93607,0.005809,
3942,7.018256,0.004528,
3943,9.541558,0.001677,
3944,12.3863,0.006522,
3945,13.40399,0.004529,
3946,3.661761,0.002935,
3947,6.016199,0.00346,
3948,2.476633,0.012942,
3949,20.48282,0.002711,
3950,11.1881,0.003121,
3951,0.951694,0.033409,
3952,2.169207,0.004805,
3953,10.09555,0.003492,
3954,11.51919,0.00185,
3955,11.35212,0.003186,
3956,9.639694,0.003199,
3957,12.23442,0.002172,
3958,11.6394,0.002696,
3959,15.68593,0.003051,
3960,6.092175,0.00465,
3961,16.12041,0.003852,
3962,5.724446,0.003475,
3963,11.1231,0.006909,
3964,14.63833,0.004351,
3965,3.909999,0.003156,
3966,5.461722,0.003892,
3967,10.22121,0.004454,
3968,12.15602,0.0067,
3969,12.71296,0.00303,
3970,11.88832,0.00391,
3971,4.778199,0.007083,
3972,17.81709,0.001793,
3973,9.120991,0.001436,
3974,6.220754,0.002467,
3975,8.957321,0.007387,
3976,9.154805,0.003933,
3977,9.197314,0.002012,
3978,9.052423,0.003621,
3979,16.05655,0.002645,
3980,13.03663,0.005292,
3981,7.24087,0.003939,
3982,13.07149,0.002573,
3983,2.45723,0.007487,
3984,9.585464,0.004553,
3985,9.086631,0.006415,
3986,11.53909,0.003212,
3987,11.5674,0.001496,
3988,11.84413,0.002956,
3989,0.825159,0.008929,
3990,9.162914,0.006918,
3991,12.28741,0.005688,
3992,6.046521,0.003052,
3993,11.43107,0.002169,
3994,19.01842,0.003751,
3995,9.088744,0.003841,
3996,14.76895,0.00744,
3997,14.50928,0.003171,
3998,9.775458,0.009398,
3999,65.25829,0.008577,
4000,16.5754,0.003171,
