,Patient,Model,Dipole,Dist_mm,Angle_deg,Residual_Variance,Is_Grid,Grid_eq_Source,Total_AMR_steps
0,131722,swiss7,dip2,3.51957430816013,6.43989865227208,0.0003722549420067,1,1,3
1,131722,german7,dip2,3.6928413771788,11.3023930640529,0.000448552867368,0,1,4
2,131722,SimNIBS7_headreco,dip4,9.74459321011692,29.226863477733,0.0035136499695567,0,1,9
3,131722,german7,dip1,4.56174878045114,14.9281071802767,0.0009093885648971,0,0,2
4,131722,SimNIBS7_headreco,dip1,3.11308779814507,7.19693951292305,0.0018524083893147,1,1,8
5,131722,german7_headreco,dip2,4.81326728060841,12.8191779011827,0.0015612282915828,0,1,5
6,131722,SimNIBS7,dip4,8.18867713886103,34.4007558882277,0.0033609447134217,1,1,8
7,131722,SimNIBS7_headreco,dip2,4.66366354239988,12.444663672544,0.0014095818795449,0,1,5
8,131722,german7,dip3,1.67660196802884,22.2514266908355,0.0007543255472066,1,1,3
9,131722,swiss7_headreco,dip1,2.30275785205235,2.09516135710979,0.0002584487714045,0,1,4
10,131722,SimNIBS7,dip3,1.69034207576437,21.9079276748411,0.0007348538848298,1,1,4
11,131722,swiss7_headreco,dip4,4.04259309167505,12.629962347484,0.002330928925758,1,1,8
12,131722,SimNIBS7,dip2,3.76332107585024,11.1961898119652,0.0004242212924803,0,1,5
13,131722,german7,dip4,8.12817032656904,35.4970772198437,0.0032470549247241,0,1,8
14,131722,german7_headreco,dip3,1.22865111705377,19.2760977549612,0.0010719759889018,0,1,3
15,131722,SimNIBS7_headreco,dip3,1.38424829689442,19.2140234962747,0.0008714356431305,0,1,3
16,131722,german7_headreco,dip4,9.09178798694529,26.9073211026117,0.00300714927593,0,1,20
17,131722,swiss7,dip1,3.03217576361804,9.16561746709674,0.0006116715315166,0,1,2
18,131722,swiss7_headreco,dip2,3.44331464883623,5.28445141464472,0.0009012731406891,1,1,4
19,131722,swiss7,dip4,4.20194919504039,45.6860179943944,0.0024023765317127,0,1,9
20,131722,SimNIBS7,dip1,3.57460446860331,7.27949166901158,0.0008897395802427,0,1,2
21,131722,swiss7_headreco,dip3,1.07987710263318,10.805900258079,0.0007465385866021,1,1,3
22,131722,german7_headreco,dip1,3.1488504715017,7.87752836522765,0.0018176067147268,1,1,7
23,131722,swiss7,dip3,1.15925176276297,10.6525552560845,0.0009660812891123,1,1,3
24,160123,SimNIBS7_headreco,dip2,4.96222005225749,25.9275692819557,0.002266307198254,1,1,3
25,160123,german7_headreco,dip1,5.132586438107,5.63285584019784,0.0006812306872199,0,1,11
26,160123,german7,dip1,6.42383187321607,15.851378502089,0.0208736773921167,1,1,30
27,160123,swiss7,dip1,4.8625582901193,6.96173339356188,0.0005382533103463,1,1,13
28,160123,swiss7_headreco,dip1,4.97606639204988,3.83441022170816,0.0005454415244585,0,1,5
29,160123,german7_headreco,dip3,2.35579912088996,10.4533169544138,0.0005506019973459,1,1,7
30,160123,SimNIBS7_headreco,dip4,3.6742234889947,12.3995703769495,0.0029517021109047,0,1,6
31,160123,SimNIBS7,dip1,6.35985535565996,16.9530703595342,0.0212095769025541,1,1,30
32,160123,SimNIBS7,dip3,3.52348343107148,18.6842867525822,0.000439145748842,1,1,4
33,160123,SimNIBS7_headreco,dip1,5.01741746310348,5.14914842465369,0.0009359351706654,1,1,6
34,160123,swiss7,dip2,3.17306466399952,13.862590470899,0.0008551746634127,1,1,6
35,160123,swiss7_headreco,dip2,2.37509894094292,14.6199814884414,0.0018837191477171,1,1,2
36,160123,german7,dip3,3.45054019462029,18.7830984866357,0.0004231657362244,1,1,3
37,160123,german7,dip4,6.38039771839374,23.3398490362935,0.003276944332545,1,1,18
38,160123,swiss7_headreco,dip3,1.47374672399923,3.58236343298519,0.0004366781628641,0,1,6
39,160123,swiss7,dip4,4.66624182717713,12.8165132143678,0.0014001039576966,1,1,8
40,160123,german7_headreco,dip4,5.29841137987396,175.3176356245,0.0029487745687063,1,1,6
41,160123,SimNIBS7,dip2,5.3546550020065,24.5474154959409,0.001142015211732,1,1,7
42,160123,SimNIBS7_headreco,dip3,2.63495946178063,11.0618554423671,0.0005758236622398,1,1,9
43,160123,german7,dip2,5.35907529829554,24.9404887557038,0.0012519989174841,0,1,7
44,160123,swiss7,dip3,1.4835342067926,11.1609122112521,0.0005058407314374,0,1,3
45,160123,SimNIBS7,dip4,6.25151318146222,154.37897729416,0.0044470113492152,0,1,10
46,160123,german7_headreco,dip2,6.33105635549158,27.5460144933607,0.0025127278255663,1,1,3
47,160123,swiss7_headreco,dip4,2.93780583333967,176.735790912385,0.0019947699327407,1,1,6
48,120111,swiss7,dip1,2.80714083548963,5.26216225715833,0.000334047565344,0,1,4
49,120111,german7,dip4,3.41529401507521,45.2032840617901,0.0030145557492104,1,1,6
50,120111,swiss7,dip4,1.83144278121784,16.2181573336595,0.0011224500649185,1,1,6
51,120111,swiss7_headreco,dip3,2.18707151593039,22.0560040528675,0.0008193674429839,0,1,3
52,120111,SimNIBS7_headreco,dip3,4.62382793943491,21.4996562258757,0.0024091682093581,1,1,5
53,120111,SimNIBS7_headreco,dip1,2.77159330605496,14.1938848510357,0.0007351934163474,0,1,5
54,120111,german7_headreco,dip3,4.18488503179227,21.993946422307,0.0022662048292862,0,1,4
55,120111,german7,dip2,4.88430641613716,13.4525445843796,0.0003175795857434,0,1,6
56,120111,swiss7,dip3,1.77884311994058,4.19626737363076,0.0012095913067131,1,1,4
57,120111,SimNIBS7_headreco,dip2,5.10369387769033,1.59684594985105,0.0015138285756321,1,1,7
58,120111,swiss7,dip2,3.33188753112439,7.3793824211748,0.0003106763897851,0,1,5
59,120111,SimNIBS7_headreco,dip4,7.05444749908768,8.7277620842814,0.0014776792347079,1,1,6
60,120111,german7,dip3,2.26806953212572,7.45255064246652,0.0014352646632567,0,1,4
61,120111,swiss7_headreco,dip4,4.05029728097972,69.8423773703837,0.0011241348080483,1,1,3
62,120111,german7_headreco,dip2,3.94887192094923,2.07786475018603,0.0015604177291016,1,1,7
63,120111,SimNIBS7,dip3,2.14597985336877,10.7963635976835,0.0013122682892685,0,1,5
64,120111,SimNIBS7,dip4,3.75711427956918,32.3422596200832,0.0042258895951294,1,1,6
65,120111,swiss7_headreco,dip2,2.19779936772568,6.4983102028041,0.0007740025541792,1,1,3
66,120111,swiss7_headreco,dip1,3.45138188215085,10.9163908176457,0.0003946799020837,1,1,2
67,120111,SimNIBS7,dip2,4.9756243501269,13.5232597665765,0.0002663245999148,1,1,6
68,120111,german7,dip1,3.89240199758758,10.1855844656133,0.0003356959752102,0,1,7
69,120111,german7_headreco,dip4,6.89531776592971,8.50657501901072,0.0014064530716274,1,1,7
70,120111,SimNIBS7,dip1,3.82617500205702,10.0123357847714,0.0003151164070757,1,1,7
71,120111,german7_headreco,dip1,2.86540703163473,13.5328465097593,0.0007115306795885,1,1,4
72,151627,swiss7_headreco,dip1,3.00496743204801,4.32231276335853,0.0002658284567117,1,1,7
73,151627,SimNIBS7_headreco,dip4,5.36290703800235,11.5966916086399,0.001153003585969,0,1,3
74,151627,german7_headreco,dip1,1.83768959695163,2.39799554633109,0.0009299546174286,1,1,7
75,151627,german7,dip3,1.73205589595721,30.0868404641138,0.0006935674163888,1,1,8
76,151627,swiss7_headreco,dip2,3.34624794529746,5.89668772709656,0.0002295120701569,0,1,2
77,151627,SimNIBS7,dip2,4.70297196779748,9.87378609992628,0.0004382212867808,1,1,4
78,151627,SimNIBS7_headreco,dip3,1.47405701286347,31.7963903482595,0.0010953147563068,0,1,6
79,151627,swiss7_headreco,dip4,1.39895398854845,6.52252441456177,0.0003748803758393,0,1,2
80,151627,german7_headreco,dip2,4.61104937731746,14.4595529352779,0.0003210145382759,1,1,6
81,151627,german7_headreco,dip4,5.68516648077955,11.066350773692,0.0011017818663252,0,1,3
82,151627,SimNIBS7,dip3,2.71549860953175,26.376964716678,0.0006158021432747,0,1,9
83,151627,german7,dip2,4.80477645873866,14.49793411234,0.0004546111995456,1,1,4
84,151627,swiss7,dip2,3.91862062261969,9.43663599992287,0.0003132954876334,1,1,2
85,151627,german7,dip1,3.97810202420396,3.62103199944206,0.0005288149740759,1,1,10
86,151627,german7,dip4,4.94729967158276,3.9973257695575,0.0004423736707965,0,1,6
87,151627,SimNIBS7_headreco,dip1,1.71725526579937,1.83012560918483,0.0009880898625533,0,1,8
88,151627,german7_headreco,dip3,1.27025772133717,32.3615519584037,0.0010731003248576,1,1,6
89,151627,swiss7,dip4,1.08090157747474,10.9542583721229,0.0003222170449158,0,1,7
90,151627,SimNIBS7,dip1,3.79708737067774,3.29924285519874,0.0006597254857197,1,1,10
91,151627,swiss7,dip3,1.07784881361697,14.6396025070761,0.0011590222772385,1,1,3
92,151627,SimNIBS7_headreco,dip2,4.62122733921725,13.9829361888566,0.0003411332828997,0,1,6
93,151627,SimNIBS7,dip4,7.55830305731322,22.4641616239289,0.0005516311099807,0,1,7
94,151627,swiss7,dip1,3.39228803153495,3.19395447757651,0.000373771709042,1,1,6
95,151627,swiss7_headreco,dip3,1.49685419080574,14.1269386039915,0.0005543575957672,0,1,6
96,149337,german7,dip1,3.58210605707361,13.7046170391159,0.0003527130820243,1,1,8
97,149337,german7_headreco,dip1,2.08167425786488,14.8916171485506,0.0007774017282064,0,1,4
98,149337,SimNIBS7_headreco,dip2,6.59442784037477,26.5625030163595,0.0013740504879427,0,1,3
99,149337,swiss7,dip2,4.49443402231928,3.81762125419982,0.0004615899354101,0,1,3
100,149337,SimNIBS7_headreco,dip1,2.02089717161234,14.2102592605818,0.0008275559132327,1,1,4
101,149337,SimNIBS7_headreco,dip3,1.03123142212875,20.6195173660291,0.0012988999347114,0,1,3
102,149337,german7_headreco,dip3,0.701424668729359,21.1048759945574,0.0011941660673929,1,1,3
103,149337,SimNIBS7,dip2,4.62420909228874,7.42916359979023,0.0002582768670356,0,1,5
104,149337,swiss7_headreco,dip2,4.46684892725048,16.0127116090833,0.0011931640790795,1,1,2
105,149337,SimNIBS7,dip4,4.69800203386191,18.5303349398277,0.0026970489631092,0,1,8
106,149337,swiss7_headreco,dip1,3.16794435857664,6.55449675427063,0.0003163434537067,1,1,2
107,149337,SimNIBS7,dip1,3.67218684103922,17.3766301864922,0.0003445226843127,0,1,8
108,149337,swiss7_headreco,dip4,1.65754776605736,10.3605012319236,0.0007358012036324,0,1,2
109,149337,german7_headreco,dip4,4.25677457538828,20.2088392861659,0.0015024435743177,1,1,5
110,149337,german7_headreco,dip2,6.54995764339944,26.6271737225608,0.0013454477941782,1,1,3
111,149337,swiss7,dip4,2.83991385620876,25.1759212003315,0.0008668552891475,0,1,5
112,149337,swiss7,dip3,1.12191434584951,7.97189747776146,0.000730164259982,0,1,4
113,149337,SimNIBS7_headreco,dip4,4.71100646291529,20.2783482768703,0.0015126476117113,0,1,7
114,149337,swiss7_headreco,dip3,0.624521687173621,8.75238587530524,0.001097699974733,0,1,3
115,149337,german7,dip3,2.21846713694086,21.6755237948802,0.0007381290961728,1,1,4
116,149337,german7,dip4,4.46268912144806,15.2925152237246,0.0017394268084399,1,1,7
117,149337,SimNIBS7,dip3,2.25208055385647,18.8757740074427,0.0007978961241004,1,1,4
118,149337,swiss7,dip1,2.5631546882507,9.04087097401582,0.0003947381615316,1,1,6
119,149337,german7,dip2,5.28736833529917,0.0583573238362815,0.0002769328457351,0,1,5
120,128632,german7_headreco,dip4,2.91100178611567,14.2935805200908,0.001280495173123,0,1,4
121,128632,SimNIBS7_headreco,dip1,1.94177782256654,21.1650795848471,0.0018655640641002,0,1,13
122,128632,swiss7_headreco,dip3,0.881737195482281,13.7892640344994,0.0007494333935052,0,1,2
123,128632,SimNIBS7,dip3,2.13757532776829,7.12381187616325,0.0030886481960528,0,1,5
124,128632,SimNIBS7,dip4,7.49776558825218,19.4389141488925,0.0005105766487068,1,1,8
125,128632,german7_headreco,dip2,5.66334105565853,42.8184027170162,0.0009719624307269,0,1,11
126,128632,SimNIBS7_headreco,dip2,5.28283836366568,40.0191824079648,0.0009864396998066,0,1,10
127,128632,SimNIBS7,dip1,3.08012449798159,15.9913023635597,0.0004974833630237,1,1,7
128,128632,swiss7_headreco,dip4,2.58270272669693,73.4578548016826,0.0004722715072774,0,1,4
129,128632,SimNIBS7_headreco,dip4,2.81369938253001,15.3945178987622,0.0012924382069813,1,1,3
130,128632,german7,dip4,6.72538037564872,21.1243744981294,0.0003785437844036,1,1,9
131,128632,SimNIBS7_headreco,dip3,4.9803663095079,12.0408817035083,0.0014896571074017,1,1,5
132,128632,german7,dip1,3.39968056193584,24.0900102661128,0.0005096818308001,1,1,6
133,128632,swiss7,dip4,1.51195676231965,6.16400346379523,0.0001805916626403,1,1,6
134,128632,swiss7_headreco,dip2,3.96662725370549,8.24783517396435,0.000472525060892,1,1,8
135,128632,swiss7_headreco,dip1,3.12407101010084,7.91701305453446,0.0004333213172166,0,1,6
136,128632,swiss7,dip3,1.5265565973011,5.63261516127273,0.0018162984353153,1,1,4
137,128632,swiss7,dip1,2.29284125489322,9.71290943113113,0.0004367055957158,0,1,5
138,128632,german7_headreco,dip3,4.69616538573832,12.2609573669566,0.0013997583376603,0,1,5
139,128632,SimNIBS7,dip2,5.05070423278211,15.1646648276981,0.0004524853498203,1,1,10
140,128632,german7,dip3,2.36670504382517,7.15405279890429,0.0032050539489876,0,1,4
141,128632,german7,dip2,4.93906251533292,14.630859608657,0.0004696791064648,1,1,9
142,128632,swiss7,dip2,4.01588939739933,11.0854386727379,0.0004331183899709,1,1,7
143,128632,german7_headreco,dip1,1.61021019488758,21.2881818037581,0.0014837309825849,1,1,18
144,117122,SimNIBS7_headreco,dip1,7.43645049042649,21.7294166832169,0.001024909428212,0,0,7
145,117122,swiss7_headreco,dip2,6.38252151100228,30.6187339842176,0.0024810501307308,0,1,10
146,117122,german7,dip1,6.17496938929832,14.7490772256865,0.0005258919353285,1,1,5
147,117122,SimNIBS7,dip2,7.66612875192685,32.1048941073775,0.0011551187512761,1,1,7
148,117122,german7_headreco,dip3,1.38313013642036,9.98246717608481,0.0012280118794836,0,1,6
149,117122,SimNIBS7_headreco,dip3,1.59189209191281,9.25487014372152,0.0012547343219386,1,1,6
150,117122,SimNIBS7_headreco,dip2,21.8456782413483,24.3658916671847,0.0212623783226525,1,1,30
151,117122,swiss7,dip2,5.0916411170758,23.0755391151646,0.0014516147254685,0,1,6
152,117122,SimNIBS7_headreco,dip4,6.85898685684834,13.3385074788231,0.0023165606312936,1,1,4
153,117122,SimNIBS7,dip1,5.98836412742406,15.7907283045567,0.0004916275978644,0,1,5
154,117122,SimNIBS7,dip4,3.41890041177601,14.7011208701864,0.0046897184414881,1,1,8
155,117122,german7,dip3,1.98294723546487,13.6417642520511,0.001243693009034,0,1,6
156,117122,swiss7,dip1,4.31176229659524,10.1533144765577,0.0007311084665194,1,1,4
157,117122,swiss7,dip3,1.49551312663888,7.51443891773416,0.0008758003026064,1,1,3
158,117122,swiss7_headreco,dip1,7.15203315830537,29.6160389247065,0.0007951986591358,1,1,2
159,117122,swiss7,dip4,2.43125046882082,7.07042250719294,0.001911363854853,0,1,7
160,117122,german7_headreco,dip1,7.85408219359254,39.8722629523373,0.0010280500138107,0,1,7
161,117122,german7,dip2,7.68972658986448,31.4754110984477,0.0011943311023341,1,1,7
162,117122,swiss7_headreco,dip4,2.88200875445472,51.9086462339301,0.0007654340988817,0,1,2
163,117122,german7_headreco,dip4,6.45880943428549,11.6600296705895,0.0020633682634357,1,1,4
164,117122,SimNIBS7,dip3,1.62664628472975,13.7948104975317,0.0013446838911406,0,1,7
165,117122,german7,dip4,3.24472951390717,14.7699283058665,0.0040395849378173,0,1,8
166,117122,swiss7_headreco,dip3,1.84777530948399,4.66320346019996,0.0008611205801038,1,1,5
167,117122,german7_headreco,dip2,17.0237614636555,29.5353681658914,0.0230981446226672,1,1,30
168,149539,SimNIBS7,dip1,4.36094711988062,7.49435590636918,0.0003706576733319,0,1,5
169,149539,german7_headreco,dip1,3.52662865053692,7.74154086468459,0.0012360549702369,1,1,5
170,149539,swiss7,dip4,2.84667025963539,5.53832350992332,0.0007855575141155,0,1,6
171,149539,SimNIBS7,dip4,6.18377499938171,12.0764258945779,0.0034957730636304,0,1,6
172,149539,swiss7,dip2,2.17058500551095,11.4595495253538,0.0005884610934849,0,1,3
173,149539,swiss7,dip1,3.46190583153276,6.94248997599736,0.0003310548225817,0,1,5
174,149539,german7,dip4,5.78123420671251,11.456717133814,0.0023302293455144,0,1,6
175,149539,swiss7_headreco,dip2,6.23395801454661,19.3539242618738,0.0012998680033992,0,1,4
176,149539,german7_headreco,dip4,4.86300430359754,11.034574281769,0.0012928042040964,0,1,8
177,149539,german7,dip3,2.71407098371948,14.1416872951026,0.0003981906587373,1,1,3
178,149539,german7,dip2,3.20691258758314,8.72906679962422,0.0004314027424143,1,1,3
179,149539,german7,dip1,4.83142310396612,10.316608276613,0.0003504396478937,0,1,5
180,149539,swiss7_headreco,dip4,2.58039008847176,4.64526363823447,0.0006407873864204,0,1,7
181,149539,swiss7,dip3,1.45621984769798,7.3614780668722,0.000305138321459,1,1,2
182,149539,SimNIBS7_headreco,dip1,3.46243477907072,7.7621517608037,0.001292541026573,1,1,5
183,149539,german7_headreco,dip3,3.58769627248098,19.1451473199597,0.0007083922360495,1,1,6
184,149539,SimNIBS7_headreco,dip4,5.13193126540307,11.1613245412913,0.0013863733779402,1,1,10
185,149539,swiss7_headreco,dip1,3.89412996686439,4.2269688100383,0.0009037178788244,1,1,4
186,149539,SimNIBS7_headreco,dip2,8.02443098134604,24.3215616136292,0.0015222006345043,1,1,8
187,149539,german7_headreco,dip2,7.96667711727469,23.9617617868979,0.0015545133423462,0,1,7
188,149539,SimNIBS7,dip3,2.89232890027092,14.6104530717463,0.0004110607039696,1,1,3
189,149539,swiss7_headreco,dip3,1.92826244678562,9.36247695887232,0.0003736986803445,1,1,4
190,149539,SimNIBS7_headreco,dip3,3.85391178166861,19.0144042144392,0.0007422291637339,1,1,6
191,149539,SimNIBS7,dip2,4.34844390945721,14.4053195704814,0.0004557477739992,1,1,3
192,198451,SimNIBS7,dip1,3.73503180894306,4.41516187359928,0.0003591080517148,1,1,6
193,198451,german7,dip4,5.22243785377049,142.009173220587,0.0032951851510211,0,1,10
194,198451,SimNIBS7_headreco,dip2,4.88383981032783,10.1016518357713,0.001144228808326,1,1,6
195,198451,SimNIBS7,dip2,4.07237126127071,16.1828787373954,0.0004652542089574,1,1,5
196,198451,german7,dip2,4.93301311338455,15.1041845988377,0.0005389312666348,0,1,5
197,198451,swiss7_headreco,dip4,2.47149341168917,20.3507346624959,0.0010101043211357,0,1,6
198,198451,swiss7,dip2,3.52224303910596,3.6686136306709,0.0003090504131718,1,1,4
199,198451,SimNIBS7,dip3,4.37961253907532,19.2209366247524,0.0004310144285893,1,1,3
200,198451,german7,dip3,4.54189246784541,23.5812833441164,0.0004665233507231,0,1,3
201,198451,SimNIBS7_headreco,dip3,2.56366636276474,23.9400046245924,0.0008293745385128,1,1,5
202,198451,swiss7,dip1,2.20189239740884,5.47313484208031,0.0002868390418913,0,1,6
203,198451,SimNIBS7_headreco,dip4,2.02690693426083,26.0021606217897,0.002958797737252,0,1,9
204,198451,german7_headreco,dip1,2.67184420078288,9.97439479204894,0.0005949537525159,0,1,6
205,198451,german7_headreco,dip2,4.34103218701119,13.5005725643228,0.0009980531771755,1,1,2
206,198451,german7,dip1,3.08839837230411,5.83077721904265,0.0003234370537986,1,1,6
207,198451,swiss7_headreco,dip2,3.3686637554787,1.21759580285929,0.0004454080687094,0,1,2
208,198451,swiss7_headreco,dip3,1.19803411976317,8.99848367731648,0.00036006887543,0,1,2
209,198451,swiss7,dip4,1.69317449499376,11.1958954958306,0.0015249925086342,1,1,7
210,198451,german7_headreco,dip3,2.23441718862132,24.7205455261422,0.000802742179741,0,1,5
211,198451,SimNIBS7,dip4,4.29476989397531,21.1713923513063,0.0038997800151541,1,1,9
212,198451,swiss7_headreco,dip1,3.32991119485536,7.42270863099547,0.0005051897513232,1,1,5
213,198451,SimNIBS7_headreco,dip1,2.593119874465,9.95407458660003,0.0006364079170261,1,1,6
214,198451,german7_headreco,dip4,2.17998500585461,25.3751206331888,0.0028393685204713,0,1,8
215,198451,swiss7,dip3,1.82385389633338,6.87119621641884,0.0008111787182116,1,1,3
216,110411,german7,dip4,4.30558995775215,16.5902018939723,0.0030567705549563,1,1,6
217,110411,german7_headreco,dip3,4.13295517742856,15.5000380350115,0.001884288135197,1,1,7
218,110411,swiss7,dip4,2.66178945827345,8.74507772772744,0.0017808254713368,0,1,6
219,110411,german7,dip2,4.15102150392867,14.9476437218302,0.0004915222333383,1,1,4
220,110411,SimNIBS7_headreco,dip2,5.07289072617051,6.45173660697339,0.0009748146519006,1,1,2
221,110411,german7,dip1,5.89037230535038,15.4947720550002,0.000315441856639,1,1,11
222,110411,swiss7,dip1,3.95193028028691,4.24507058678578,0.0003874766433804,1,1,7
223,110411,SimNIBS7_headreco,dip4,12.7791442598392,137.619903068197,0.0047074482445497,0,1,30
224,110411,swiss7_headreco,dip4,9.86019891756369,68.7773589371995,0.0026389762413767,0,1,30
225,110411,SimNIBS7_headreco,dip3,4.07176742982122,15.1678632705801,0.0020194734072667,0,1,9
226,110411,SimNIBS7_headreco,dip1,6.98167900612088,9.40016897003585,0.0004783487899018,1,1,6
227,110411,swiss7,dip3,3.05380649874594,8.16064259253264,0.0005611886297619,0,1,7
228,110411,SimNIBS7,dip3,3.28975264349877,13.764656745617,0.0008567118488831,1,1,8
229,110411,SimNIBS7,dip4,4.80760604882951,16.7094177953214,0.0034314403150209,0,1,6
230,110411,SimNIBS7,dip1,5.86072854109674,14.4768229073595,0.0003536031571048,0,1,11
231,110411,swiss7_headreco,dip3,2.2441055528836,6.41645841098804,0.0006913713605211,1,1,7
232,110411,german7_headreco,dip2,4.33622789422864,9.92782423976996,0.0012477947314268,1,1,5
233,110411,german7_headreco,dip1,7.15597256933191,7.24846095902792,0.0005062970431544,1,1,6
234,110411,german7,dip3,3.78619274315151,14.0697525379083,0.0007517268251367,0,1,8
235,110411,german7_headreco,dip4,14.6225803860654,138.32720582701,0.0040689241612336,1,1,30
236,110411,swiss7_headreco,dip2,3.15714933029588,5.20276419985151,0.0009061162398385,0,1,2
237,110411,SimNIBS7,dip2,4.15775199307712,15.284942284017,0.0004999201138548,1,1,4
238,110411,swiss7,dip2,3.02558058668709,9.15388134190349,0.0004564216034697,0,1,2
239,110411,swiss7_headreco,dip1,5.53203147415506,3.87313790630564,0.0006330962269317,1,1,5
240,138534,SimNIBS7,dip2,3.79513445903435,4.59195846196579,0.0001757986516719,1,1,6
241,138534,swiss7,dip4,1.92947483087309,21.2285294650504,0.0018492303591791,1,1,9
242,138534,swiss7_headreco,dip1,5.00129897327472,1.20303394955002,0.0003601339117537,1,1,6
243,138534,german7_headreco,dip4,4.87212447309966,22.2103757357391,0.0016050943295692,0,1,3
244,138534,SimNIBS7_headreco,dip3,1.17683765389594,21.7025114478384,0.0009762164317535,1,1,10
245,138534,SimNIBS7,dip3,2.40319877378892,19.6652769437008,0.0008484104474871,0,1,5
246,138534,german7,dip3,2.29498684584498,19.7012776374995,0.0007810922202855,0,1,4
247,138534,swiss7_headreco,dip4,1.04492004608485,9.66758063972298,0.0005938922957045,0,1,2
248,138534,SimNIBS7,dip1,6.22016359319734,4.26405657394443,0.0005647826453389,1,1,8
249,138534,swiss7_headreco,dip3,2.07775280106474,7.93769958671126,0.0005211279749087,0,1,6
250,138534,swiss7,dip2,3.98054531222292,5.54184881969073,0.0001981584423537,0,1,6
251,138534,SimNIBS7_headreco,dip1,5.23826021254806,1.67636926408488,0.0004733446102874,1,1,7
252,138534,swiss7_headreco,dip2,2.81335360606508,2.0570761135099,0.0004156808494062,1,1,6
253,138534,german7,dip1,6.37849282221652,8.96637375141327,0.0005411321302851,1,1,7
254,138534,german7,dip2,3.72081969404221,4.58191337920275,0.0001743290015828,0,1,6
255,138534,swiss7,dip1,4.51375162273833,6.20568008589504,0.0004149664628495,0,1,6
256,138534,SimNIBS7,dip4,4.03125105383186,25.2759634136013,0.0044795521151867,1,1,30
257,138534,SimNIBS7_headreco,dip2,3.93743560554609,3.14388124321919,0.0005397922908845,0,1,6
258,138534,swiss7,dip3,1.47606465416869,0.361798722343761,0.0008731613586412,0,1,4
259,138534,german7,dip4,4.75281348157492,25.2155199342594,0.0038916132851829,0,1,30
260,138534,german7_headreco,dip2,3.82318968988346,3.18153942560269,0.000515506031148,1,1,6
261,138534,SimNIBS7_headreco,dip4,5.06263388208166,22.305675216921,0.0017549932309742,1,1,3
262,138534,german7_headreco,dip3,1.30067163684776,22.149714903739,0.0008395977517012,0,1,7
263,138534,german7_headreco,dip1,5.42611295414066,2.04290312590578,0.0004434316405748,1,1,7
264,124422,swiss7,dip3,1.53792698682107,10.4186797476679,0.0009128730314218,0,1,4
265,124422,SimNIBS7_headreco,dip1,2.98432505046043,10.5819420097112,0.0008813693143419,1,1,7
266,124422,swiss7,dip2,3.11662127994663,13.2210912828072,0.0004256743946333,1,1,6
267,124422,swiss7_headreco,dip3,2.9312177090091,62.7819737604764,0.0005535175262369,0,1,6
268,124422,SimNIBS7,dip3,4.07308027400886,26.6409501535617,0.0002025045844713,0,1,4
269,124422,swiss7,dip4,1.34057405796392,3.45770091115678,0.000199529087204,1,1,7
270,124422,swiss7_headreco,dip4,1.61675920022595,32.278403027065,0.0003830652020975,0,1,4
271,124422,german7_headreco,dip3,4.51237041652397,12.2355689504522,0.0012795189050714,0,1,7
272,124422,swiss7_headreco,dip2,3.1388322726626,16.4663586779949,0.0028493300029331,1,1,14
273,124422,SimNIBS7_headreco,dip2,11.8620938860596,153.42785338019,0.048288934532757,1,1,30
274,124422,german7_headreco,dip4,3.33720652415274,12.1652951514195,0.0009255036821434,1,1,5
275,124422,swiss7_headreco,dip1,3.54360483798538,10.1781927433495,0.0002158228654435,0,1,6
276,124422,SimNIBS7,dip1,5.28926824921033,11.5774686488817,0.0005193210888112,1,1,2
277,124422,SimNIBS7,dip2,5.30295863005625,23.2844666718715,0.0003600574728139,0,1,8
278,124422,german7,dip4,1.4166095548265,8.50988599724502,0.0006914932090386,0,1,5
279,124422,SimNIBS7_headreco,dip3,4.48179077277242,12.154850970319,0.0013046743528664,1,1,7
280,124422,SimNIBS7_headreco,dip4,3.37860987814161,13.0057124933124,0.0009333448986057,1,1,5
281,124422,german7,dip3,3.80278255386069,27.0931048594747,0.0001995014039396,1,1,4
282,124422,german7,dip2,5.08248878950267,22.8640883322966,0.0003737152063959,0,1,8
283,124422,SimNIBS7,dip4,1.502656282252,8.64650917371579,0.0009053951655362,1,1,8
284,124422,swiss7,dip1,3.39871190598573,7.29324936030148,0.0002847539382569,0,1,6
285,124422,german7,dip1,5.44013300238517,9.99018841850838,0.0005075262647222,1,1,2
286,124422,german7_headreco,dip1,3.19167157344284,10.1112572825893,0.0008109896558097,1,1,7
287,124422,german7_headreco,dip2,6.79927302199681,44.8226332017414,0.0411469307004267,1,1,30
288,122620,german7,dip4,3.21365147198313,10.4206621503993,0.0023912037951808,1,1,9
289,122620,SimNIBS7_headreco,dip3,4.27272830211029,12.5910362416195,0.0007915137603347,0,1,2
290,122620,german7_headreco,dip1,6.31987264452838,15.0300967219129,0.0005864678149705,1,1,5
291,122620,german7,dip1,6.48353349948048,6.57660134006317,0.0006307936806437,0,1,2
292,122620,swiss7,dip3,1.55600361925013,6.57666159618389,0.000989954316187,0,1,3
293,122620,german7,dip3,4.34512229981362,15.3371349325384,0.0005752365883393,0,1,5
294,122620,swiss7_headreco,dip3,1.23787742761084,5.86326929360311,0.0006165715084586,1,1,2
295,122620,swiss7,dip2,2.75413787064823,5.60989280474484,0.0004660338540842,0,1,2
296,122620,swiss7,dip4,2.27678616753597,6.83026445973297,0.0005442939389901,0,1,6
297,122620,SimNIBS7,dip2,3.74304201081844,10.9092098162427,0.000423990925973,1,1,4
298,122620,SimNIBS7_headreco,dip2,3.06206116500776,3.64103648995374,0.0006412081599994,1,1,4
299,122620,SimNIBS7_headreco,dip4,8.58938175283318,9.17278507922267,0.0013429647591167,1,1,4
300,122620,SimNIBS7,dip1,6.67659240412241,12.1148316151141,0.0002217556923534,0,1,7
301,122620,SimNIBS7,dip3,4.23492189804448,15.3304894787114,0.0004299372468243,1,1,3
302,122620,SimNIBS7_headreco,dip1,6.29901555424304,14.9434464815554,0.0006468967421926,1,1,4
303,122620,swiss7,dip1,4.20935917643569,5.8952186791444,0.0005475498471032,0,1,6
304,122620,swiss7_headreco,dip2,1.84400272088395,0.731257446162497,0.000373516848267,0,1,2
305,122620,german7_headreco,dip3,4.28683881716337,12.4904737107338,0.0008113727111359,1,1,2
306,122620,SimNIBS7,dip4,3.16811715813154,12.5266312197901,0.0035087903787043,1,1,9
307,122620,swiss7_headreco,dip1,5.22548477445251,9.0487765681531,0.0005670777977175,1,1,2
308,122620,german7_headreco,dip2,2.99272124536302,3.42901564233414,0.000605698893969,0,1,4
309,122620,german7_headreco,dip4,8.2104196537936,9.08831772413319,0.0012910808038993,1,1,6
310,122620,german7,dip2,3.6913723771254,11.1211268614851,0.0004561410223369,1,1,4
311,122620,swiss7_headreco,dip4,2.88452304174507,11.278605198682,0.0010576908849446,1,1,9
312,130013,german7,dip3,1.78276782514494,14.5076518057263,0.0023061554739828,1,1,6
313,130013,swiss7_headreco,dip2,6.46424566666248,19.9560215291988,0.0008572564035136,1,1,6
314,130013,SimNIBS7,dip4,5.1644585325132,25.0643128681326,0.0079715874132138,0,1,6
315,130013,SimNIBS7_headreco,dip1,5.31880837840944,7.48306132402421,0.0008858472893047,0,1,4
316,130013,swiss7_headreco,dip3,1.07639039731288,5.62883465767232,0.0006555921835594,0,1,5
317,130013,SimNIBS7,dip3,2.3497809735701,13.1996800837711,0.0022573135541338,0,1,6
318,130013,SimNIBS7,dip1,4.87231956964379,11.0480714846264,0.000285890773131,1,1,3
319,130013,german7_headreco,dip1,5.48492777868006,7.27221241412564,0.0008620702332097,1,1,4
320,130013,german7,dip2,5.20357240753854,26.8574791355105,0.0007291634964936,0,1,7
321,130013,SimNIBS7,dip2,5.37450664500934,26.9724187583084,0.0006614684928956,0,1,8
322,130013,SimNIBS7_headreco,dip3,3.52926559482895,13.0475171626036,0.0012780206338396,1,1,6
323,130013,SimNIBS7_headreco,dip4,5.51023997990106,25.5212697141582,0.0021265249688829,0,1,4
324,130013,german7,dip4,4.68692375604524,24.7201274114533,0.0072990159553127,0,1,7
325,130013,german7_headreco,dip2,8.64207843452531,31.3663992648026,0.001111392722599,0,1,8
326,130013,swiss7,dip2,3.35906007043482,14.4367825935067,0.0005994390409389,0,1,6
327,130013,swiss7,dip3,0.893918483640147,6.18278375427592,0.001493626162875,1,1,6
328,130013,german7_headreco,dip3,3.15019145495891,13.1354090650103,0.0011936068938132,0,1,5
329,130013,swiss7,dip4,2.5060926501742,13.2997311805932,0.0031311842322081,1,1,5
330,130013,swiss7,dip1,3.11633998322246,7.98334477679975,0.0003610928380955,1,1,2
331,130013,SimNIBS7_headreco,dip2,8.65179031718388,31.5130761975459,0.0010674904597833,0,1,8
332,130013,swiss7_headreco,dip4,3.40120591041525,18.9683579085746,0.0008644443659666,0,1,4
333,130013,german7,dip1,4.12051713015344,4.40915185410265,0.0003220318612943,0,1,3
334,130013,swiss7_headreco,dip1,5.18319374877589,4.77377618587364,0.0005523495565037,1,1,3
335,130013,german7_headreco,dip4,5.29839313648924,24.0696282567831,0.0020372859345604,0,1,4
336,122317,swiss7,dip3,1.94290931553717,10.1343763138224,0.0004776620336258,0,1,3
337,122317,SimNIBS7,dip1,4.12813769647554,8.83824721079525,0.000363606957508,0,1,7
338,122317,swiss7,dip1,3.05780043046905,3.7357357450227,0.0003958612557928,0,1,5
339,122317,german7_headreco,dip3,2.56983054945403,21.2954999815066,0.0013841345733536,1,1,5
340,122317,german7_headreco,dip1,4.01794595527244,15.0194146261403,0.0007546624300791,0,1,6
341,122317,german7,dip3,2.94391856919281,20.6177014820582,0.0006462192943159,0,1,3
342,122317,swiss7,dip2,3.26672119197799,7.18000564454182,0.000629037957631,1,1,5
343,122317,SimNIBS7_headreco,dip3,1.5528267809674,21.7725572476557,0.0010592067916345,1,1,3
344,122317,german7_headreco,dip4,5.94856243527236,6.00027813825583,0.0027496733227661,1,1,8
345,122317,SimNIBS7_headreco,dip4,6.7908716685605,4.39834699620464,0.0027589910071778,1,1,8
346,122317,german7,dip1,4.04965607270858,8.99725488689469,0.0003079222200634,1,1,6
347,122317,SimNIBS7_headreco,dip2,6.73728858213218,22.5261754448577,0.0013421717560599,1,1,7
348,122317,german7_headreco,dip2,6.75228061980485,22.6677633572415,0.0013522680932772,0,1,7
349,122317,SimNIBS7,dip2,4.86453527466182,18.5299041670691,0.000859689160793,0,1,7
350,122317,german7,dip4,4.31749177960575,31.2491533584083,0.0018631987316326,1,1,6
351,122317,swiss7_headreco,dip4,1.46967728094214,3.0935703398715,0.0007358001699265,1,1,5
352,122317,SimNIBS7,dip4,4.64117734690538,47.3833389457486,0.0022057941296914,0,1,6
353,122317,SimNIBS7,dip3,2.90432893487748,20.8773549317736,0.0006855419452339,1,1,3
354,122317,swiss7_headreco,dip1,3.94379284298102,11.5917941452465,0.0006513400149769,1,1,5
355,122317,swiss7_headreco,dip3,0.94319604917291,10.9520840148502,0.0005754504609678,1,1,2
356,122317,swiss7,dip4,1.75518501629515,35.6369870299964,0.0011661854709867,1,1,6
357,122317,swiss7_headreco,dip2,4.30246090769342,11.3105004738986,0.0006702588822277,0,1,6
358,122317,german7,dip2,5.17460170686162,19.3165867948952,0.000943453479123,0,1,7
359,122317,SimNIBS7_headreco,dip1,4.19115509521851,14.8724134451001,0.0007292902451009,1,1,6
